2026-05-03 20:34:59,844 [INFO] [MainThread] [root/log.py:104]: YASB v2.0.0
2026-05-03 20:34:59,846 [INFO] [CLIPipeServer] [cli_server/cli_server.py:216]: CLI server started v1.1.7
2026-05-03 20:34:59,846 [INFO] [MainThread] [cli_server/cli_server.py:106]: Log pipe server started
2026-05-03 20:38:21,198 [INFO] [MainThread] [root/welcome.py:867]: Created config file at C:\Users\adama\.config\yasb\config.yaml
2026-05-03 20:38:21,198 [INFO] [MainThread] [root/welcome.py:876]: Created styles file at C:\Users\adama\.config\yasb\styles.css
2026-05-03 20:38:21,231 [WARNING] [MainThread] [deprecation/deprecation.py:133]: [DEPRECATED] BarAlignment: 'center' - Use 'align' instead.
2026-05-03 20:38:22,585 [INFO] [MainThread] [root/service.py:52]: AudioOutputService starting...
2026-05-03 20:38:22,847 [INFO] [MainThread] [root/bar_manager.py:102]: Starting WindowsNotificationEventListener...
2026-05-03 20:38:22,848 [INFO] [MainThread] [root/bar_manager.py:102]: Starting SystemEventListener...
2026-05-03 20:38:22,850 [INFO] [MainThread] [root/watcher.py:65]: Watching directory: c:\users\adama\.config\yasb
2026-05-03 20:38:22,850 [INFO] [MainThread] [root/watcher.py:104]: Created file watcher
2026-05-03 20:38:22,914 [INFO] [MainThread] [root/update_service.py:434]: Background update checker started
2026-05-03 20:38:23,054 [INFO] [MainThread] [root/open_meteo.py:128]: No saved location for open_meteo. Awaiting user setup.
2026-05-03 20:38:23,057 [INFO] [MainThread] [root/open_meteo.py:128]: No saved location for open_meteo. Awaiting user setup.
2026-05-03 21:06:50,493 [INFO] [MainThread] [root/log.py:104]: YASB v2.0.0
2026-05-03 21:06:50,494 [INFO] [CLIPipeServer] [cli_server/cli_server.py:216]: CLI server started v1.1.7
2026-05-03 21:06:50,494 [INFO] [MainThread] [cli_server/cli_server.py:106]: Log pipe server started
2026-05-03 21:06:50,494 [ERROR] [MainThread] [root/main.py:75]: Another instance of the YASB is already running.
2026-05-03 21:07:02,197 [INFO] [MainThread] [root/log.py:104]: YASB v2.0.0
2026-05-03 21:07:02,198 [INFO] [CLIPipeServer] [cli_server/cli_server.py:216]: CLI server started v1.1.7
2026-05-03 21:07:02,198 [INFO] [MainThread] [cli_server/cli_server.py:106]: Log pipe server started
2026-05-03 21:07:02,247 [WARNING] [MainThread] [deprecation/deprecation.py:133]: [DEPRECATED] BarAlignment: 'center' - Use 'align' instead.
2026-05-03 21:07:02,248 [WARNING] [MainThread] [deprecation/deprecation.py:133]: [DEPRECATED] BarBlurEffect: 'acrylic' - No longer supported and can be removed from the config.
2026-05-03 21:07:02,386 [WARNING] [MainThread] [deprecation/deprecation.py:133]: [DEPRECATED] KomorebiWorkspacesConfig: 'animation' - Use CSS animations instead.
2026-05-03 21:07:02,386 [WARNING] [MainThread] [deprecation/deprecation.py:133]: [DEPRECATED] KomorebiWorkspacesConfig: 'container_padding' - Use CSS padding instead.
2026-05-03 21:07:02,393 [WARNING] [MainThread] [deprecation/deprecation.py:133]: [DEPRECATED] GroupLabelConfig: 'distance' - Use 'offset_top' instead.
2026-05-03 21:07:02,396 [WARNING] [MainThread] [deprecation/deprecation.py:133]: [DEPRECATED] ApplicationsWidgetConfig: 'container_padding' - Use CSS padding instead.
2026-05-03 21:07:02,399 [WARNING] [MainThread] [deprecation/deprecation.py:133]: [DEPRECATED] WhkdConfig: 'container_padding' - Use CSS padding instead.
2026-05-03 21:07:02,441 [WARNING] [MainThread] [deprecation/deprecation.py:133]: [DEPRECATED] MediaWidgetConfig: 'container_padding' - Use CSS padding instead.
2026-05-03 21:07:02,446 [WARNING] [MainThread] [deprecation/deprecation.py:133]: [DEPRECATED] CavaConfig: 'container_padding' - Use CSS padding instead.
2026-05-03 21:07:02,458 [WARNING] [MainThread] [deprecation/deprecation.py:133]: [DEPRECATED] ClockConfig: 'container_padding' - Use CSS padding instead.
2026-05-03 21:07:02,458 [WARNING] [MainThread] [deprecation/deprecation.py:133]: [DEPRECATED] ClockCalendarConfig: 'distance' - Use 'offset_top' instead.
2026-05-03 21:07:02,707 [WARNING] [MainThread] [deprecation/deprecation.py:133]: [DEPRECATED] TaskbarConfig: 'container_padding' - Use CSS padding instead.
2026-05-03 21:07:02,716 [WARNING] [MainThread] [deprecation/deprecation.py:133]: [DEPRECATED] CpuConfig: 'container_padding' - Use CSS padding instead.
2026-05-03 21:07:02,726 [WARNING] [MainThread] [deprecation/deprecation.py:133]: [DEPRECATED] MemoryConfig: 'container_padding' - Use CSS padding instead.
2026-05-03 21:07:02,751 [WARNING] [MainThread] [deprecation/deprecation.py:133]: [DEPRECATED] WeatherWidgetConfig: 'container_padding' - Use CSS padding instead.
2026-05-03 21:07:02,751 [WARNING] [MainThread] [deprecation/deprecation.py:133]: [DEPRECATED] WeatherCardConfig: 'distance' - Use 'offset_top' instead.
2026-05-03 21:07:02,772 [WARNING] [MainThread] [deprecation/deprecation.py:133]: [DEPRECATED] VolumeConfig: 'container_padding' - Use CSS padding instead.
2026-05-03 21:07:02,772 [WARNING] [MainThread] [deprecation/deprecation.py:133]: [DEPRECATED] AudioMenuConfig: 'distance' - Use 'offset_top' instead.
2026-05-03 21:07:02,785 [INFO] [MainThread] [root/service.py:52]: AudioOutputService starting...
2026-05-03 21:07:02,833 [WARNING] [MainThread] [deprecation/deprecation.py:133]: [DEPRECATED] LanguageConfig: 'container_padding' - Use CSS padding instead.
2026-05-03 21:07:03,076 [WARNING] [MainThread] [deprecation/deprecation.py:133]: [DEPRECATED] WifiConfig: 'container_padding' - Use CSS padding instead.
2026-05-03 21:07:03,603 [INFO] [MainThread] [taskbar_window_manager/window_manager.py:196]: TaskbarWindowManager is starting...
2026-05-03 21:07:03,828 [INFO] [MainThread] [root/bar_manager.py:102]: Starting SystemEventListener...
2026-05-03 21:07:03,829 [INFO] [MainThread] [root/bar_manager.py:102]: Starting KomorebiEventListener...
2026-05-03 21:07:03,829 [INFO] [MainThread] [root/watcher.py:65]: Watching directory: c:\users\adama\.config\yasb
2026-05-03 21:07:03,829 [INFO] [MainThread] [root/watcher.py:104]: Created file watcher
2026-05-03 21:07:03,830 [INFO] [Dummy-7] [root/event_listener.py:54]: Created named pipe yasb-455c27ce-4723-11f1-9e10-244bfee15e36
2026-05-03 21:07:03,852 [INFO] [MainThread] [root/update_service.py:434]: Background update checker started
2026-05-03 21:07:03,869 [WARNING] [Dummy-7] [root/event_listener.py:136]: Komorebi failed to subscribe named pipe. 'komorebic.exe' is not recognized as an internal or external command, operable program or batch file.
2026-05-03 21:07:04,028 [INFO] [MainThread] [root/api.py:69]: Fetching new weather data at 2026-05-03 21:07:04.028594
2026-05-03 21:10:59,229 [INFO] [MainThread] [root/log.py:104]: YASB v2.0.0
2026-05-03 21:10:59,229 [INFO] [CLIPipeServer] [cli_server/cli_server.py:216]: CLI server started v1.1.7
2026-05-03 21:10:59,230 [INFO] [MainThread] [cli_server/cli_server.py:106]: Log pipe server started
2026-05-03 21:10:59,286 [WARNING] [MainThread] [deprecation/deprecation.py:133]: [DEPRECATED] BarAlignment: 'center' - Use 'align' instead.
2026-05-03 21:10:59,286 [WARNING] [MainThread] [deprecation/deprecation.py:133]: [DEPRECATED] BarBlurEffect: 'acrylic' - No longer supported and can be removed from the config.
2026-05-03 21:10:59,329 [WARNING] [MainThread] [deprecation/deprecation.py:133]: [DEPRECATED] KomorebiWorkspacesConfig: 'animation' - Use CSS animations instead.
2026-05-03 21:10:59,329 [WARNING] [MainThread] [deprecation/deprecation.py:133]: [DEPRECATED] KomorebiWorkspacesConfig: 'container_padding' - Use CSS padding instead.
2026-05-03 21:10:59,337 [WARNING] [MainThread] [deprecation/deprecation.py:133]: [DEPRECATED] GroupLabelConfig: 'distance' - Use 'offset_top' instead.
2026-05-03 21:10:59,341 [WARNING] [MainThread] [deprecation/deprecation.py:133]: [DEPRECATED] ApplicationsWidgetConfig: 'container_padding' - Use CSS padding instead.
2026-05-03 21:10:59,344 [WARNING] [MainThread] [deprecation/deprecation.py:133]: [DEPRECATED] WhkdConfig: 'container_padding' - Use CSS padding instead.
2026-05-03 21:10:59,391 [WARNING] [MainThread] [deprecation/deprecation.py:133]: [DEPRECATED] MediaWidgetConfig: 'container_padding' - Use CSS padding instead.
2026-05-03 21:10:59,397 [WARNING] [MainThread] [deprecation/deprecation.py:133]: [DEPRECATED] CavaConfig: 'container_padding' - Use CSS padding instead.
2026-05-03 21:10:59,409 [WARNING] [MainThread] [deprecation/deprecation.py:133]: [DEPRECATED] ClockConfig: 'container_padding' - Use CSS padding instead.
2026-05-03 21:10:59,410 [WARNING] [MainThread] [deprecation/deprecation.py:133]: [DEPRECATED] ClockCalendarConfig: 'distance' - Use 'offset_top' instead.
2026-05-03 21:10:59,508 [WARNING] [MainThread] [deprecation/deprecation.py:133]: [DEPRECATED] TaskbarConfig: 'container_padding' - Use CSS padding instead.
2026-05-03 21:10:59,519 [WARNING] [MainThread] [deprecation/deprecation.py:133]: [DEPRECATED] CpuConfig: 'container_padding' - Use CSS padding instead.
2026-05-03 21:10:59,534 [WARNING] [MainThread] [deprecation/deprecation.py:133]: [DEPRECATED] MemoryConfig: 'container_padding' - Use CSS padding instead.
2026-05-03 21:10:59,563 [WARNING] [MainThread] [deprecation/deprecation.py:133]: [DEPRECATED] WeatherWidgetConfig: 'container_padding' - Use CSS padding instead.
2026-05-03 21:10:59,563 [WARNING] [MainThread] [deprecation/deprecation.py:133]: [DEPRECATED] WeatherCardConfig: 'distance' - Use 'offset_top' instead.
2026-05-03 21:10:59,582 [WARNING] [MainThread] [deprecation/deprecation.py:133]: [DEPRECATED] VolumeConfig: 'container_padding' - Use CSS padding instead.
2026-05-03 21:10:59,582 [WARNING] [MainThread] [deprecation/deprecation.py:133]: [DEPRECATED] AudioMenuConfig: 'distance' - Use 'offset_top' instead.
2026-05-03 21:10:59,596 [INFO] [MainThread] [root/service.py:52]: AudioOutputService starting...
2026-05-03 21:10:59,631 [WARNING] [MainThread] [deprecation/deprecation.py:133]: [DEPRECATED] LanguageConfig: 'container_padding' - Use CSS padding instead.
2026-05-03 21:10:59,653 [WARNING] [MainThread] [deprecation/deprecation.py:133]: [DEPRECATED] WifiConfig: 'container_padding' - Use CSS padding instead.
2026-05-03 21:10:59,910 [INFO] [MainThread] [taskbar_window_manager/window_manager.py:196]: TaskbarWindowManager is starting...
2026-05-03 21:11:00,155 [INFO] [MainThread] [root/bar_manager.py:102]: Starting KomorebiEventListener...
2026-05-03 21:11:00,155 [INFO] [MainThread] [root/bar_manager.py:102]: Starting SystemEventListener...
2026-05-03 21:11:00,156 [INFO] [MainThread] [root/watcher.py:65]: Watching directory: c:\users\adama\.config\yasb
2026-05-03 21:11:00,156 [INFO] [MainThread] [root/watcher.py:104]: Created file watcher
2026-05-03 21:11:00,156 [INFO] [Dummy-9] [root/event_listener.py:54]: Created named pipe yasb-d238b3e2-4723-11f1-a4c1-244bfee15e36
2026-05-03 21:11:00,172 [INFO] [MainThread] [root/update_service.py:434]: Background update checker started
2026-05-03 21:11:00,215 [WARNING] [Dummy-9] [root/event_listener.py:136]: Komorebi failed to subscribe named pipe. 'komorebic.exe' is not recognized as an internal or external command, operable program or batch file.
2026-05-03 21:11:00,421 [INFO] [MainThread] [root/api.py:69]: Fetching new weather data at 2026-05-03 21:11:00.420971
2026-05-03 21:20:59,697 [INFO] [MainThread] [root/api.py:69]: Fetching new weather data at 2026-05-03 21:20:59.697340
2026-05-03 21:30:59,983 [INFO] [MainThread] [root/api.py:69]: Fetching new weather data at 2026-05-03 21:30:59.982968
2026-05-03 21:41:00,814 [INFO] [MainThread] [root/api.py:69]: Fetching new weather data at 2026-05-03 21:41:00.814355
2026-05-03 21:50:59,896 [INFO] [MainThread] [root/api.py:69]: Fetching new weather data at 2026-05-03 21:50:59.896416
2026-05-03 22:00:59,719 [INFO] [MainThread] [root/api.py:69]: Fetching new weather data at 2026-05-03 22:00:59.719165
2026-05-03 22:10:59,730 [INFO] [MainThread] [root/api.py:69]: Fetching new weather data at 2026-05-03 22:10:59.730413
2026-05-03 22:20:59,723 [INFO] [MainThread] [root/api.py:69]: Fetching new weather data at 2026-05-03 22:20:59.723786
2026-05-03 22:54:40,824 [INFO] [MainThread] [root/api.py:69]: Fetching new weather data at 2026-05-03 22:54:40.824699
2026-05-03 23:41:26,154 [INFO] [MainThread] [root/api.py:69]: Fetching new weather data at 2026-05-03 23:41:26.154309
2026-05-03 23:51:18,669 [INFO] [MainThread] [root/api.py:69]: Fetching new weather data at 2026-05-03 23:51:18.669340
2026-05-04 00:01:18,703 [INFO] [MainThread] [root/api.py:69]: Fetching new weather data at 2026-05-04 00:01:18.703625
2026-05-04 00:11:18,750 [INFO] [MainThread] [root/api.py:69]: Fetching new weather data at 2026-05-04 00:11:18.750223
2026-05-04 00:21:18,642 [INFO] [MainThread] [root/api.py:69]: Fetching new weather data at 2026-05-04 00:21:18.642210
2026-05-04 00:31:18,605 [INFO] [MainThread] [root/api.py:69]: Fetching new weather data at 2026-05-04 00:31:18.605600
2026-05-04 00:31:48,336 [INFO] [MainThread] [root/bar_manager.py:118]: Stopping KomorebiEventListener...
2026-05-04 00:31:48,350 [INFO] [MainThread] [root/bar_manager.py:118]: Stopping SystemEventListener...
2026-05-04 00:31:48,378 [INFO] [MainThread] [taskbar_window_manager/window_manager.py:223]: TaskbarWindowManager stopped
2026-05-06 12:15:52,118 [INFO] [MainThread] [root/log.py:104]: YASB v2.0.0
2026-05-06 12:15:52,118 [INFO] [CLIPipeServer] [cli_server/cli_server.py:216]: CLI server started v1.1.7
2026-05-06 12:15:52,119 [INFO] [MainThread] [cli_server/cli_server.py:106]: Log pipe server started
2026-05-06 12:15:52,301 [WARNING] [MainThread] [deprecation/deprecation.py:133]: [DEPRECATED] BarAlignment: 'center' - Use 'align' instead.
2026-05-06 12:15:52,301 [WARNING] [MainThread] [deprecation/deprecation.py:133]: [DEPRECATED] BarBlurEffect: 'acrylic' - No longer supported and can be removed from the config.
2026-05-06 12:15:52,456 [WARNING] [MainThread] [deprecation/deprecation.py:133]: [DEPRECATED] KomorebiWorkspacesConfig: 'animation' - Use CSS animations instead.
2026-05-06 12:15:52,457 [WARNING] [MainThread] [deprecation/deprecation.py:133]: [DEPRECATED] KomorebiWorkspacesConfig: 'container_padding' - Use CSS padding instead.
2026-05-06 12:15:52,475 [WARNING] [MainThread] [deprecation/deprecation.py:133]: [DEPRECATED] GroupLabelConfig: 'distance' - Use 'offset_top' instead.
2026-05-06 12:15:52,480 [WARNING] [MainThread] [deprecation/deprecation.py:133]: [DEPRECATED] ApplicationsWidgetConfig: 'container_padding' - Use CSS padding instead.
2026-05-06 12:15:52,483 [WARNING] [MainThread] [deprecation/deprecation.py:133]: [DEPRECATED] WhkdConfig: 'container_padding' - Use CSS padding instead.
2026-05-06 12:15:52,646 [WARNING] [MainThread] [deprecation/deprecation.py:133]: [DEPRECATED] MediaWidgetConfig: 'container_padding' - Use CSS padding instead.
2026-05-06 12:15:52,654 [WARNING] [MainThread] [deprecation/deprecation.py:133]: [DEPRECATED] CavaConfig: 'container_padding' - Use CSS padding instead.
2026-05-06 12:15:52,687 [WARNING] [MainThread] [deprecation/deprecation.py:133]: [DEPRECATED] ClockConfig: 'container_padding' - Use CSS padding instead.
2026-05-06 12:15:52,687 [WARNING] [MainThread] [deprecation/deprecation.py:133]: [DEPRECATED] ClockCalendarConfig: 'distance' - Use 'offset_top' instead.
2026-05-06 12:15:52,853 [WARNING] [MainThread] [deprecation/deprecation.py:133]: [DEPRECATED] TaskbarConfig: 'container_padding' - Use CSS padding instead.
2026-05-06 12:15:52,862 [WARNING] [MainThread] [deprecation/deprecation.py:133]: [DEPRECATED] CpuConfig: 'container_padding' - Use CSS padding instead.
2026-05-06 12:15:52,873 [WARNING] [MainThread] [deprecation/deprecation.py:133]: [DEPRECATED] MemoryConfig: 'container_padding' - Use CSS padding instead.
2026-05-06 12:15:52,964 [WARNING] [MainThread] [deprecation/deprecation.py:133]: [DEPRECATED] WeatherWidgetConfig: 'container_padding' - Use CSS padding instead.
2026-05-06 12:15:52,965 [WARNING] [MainThread] [deprecation/deprecation.py:133]: [DEPRECATED] WeatherCardConfig: 'distance' - Use 'offset_top' instead.
2026-05-06 12:15:52,986 [WARNING] [MainThread] [deprecation/deprecation.py:133]: [DEPRECATED] VolumeConfig: 'container_padding' - Use CSS padding instead.
2026-05-06 12:15:52,986 [WARNING] [MainThread] [deprecation/deprecation.py:133]: [DEPRECATED] AudioMenuConfig: 'distance' - Use 'offset_top' instead.
2026-05-06 12:15:52,999 [INFO] [MainThread] [root/service.py:52]: AudioOutputService starting...
2026-05-06 12:15:53,032 [WARNING] [MainThread] [deprecation/deprecation.py:133]: [DEPRECATED] LanguageConfig: 'container_padding' - Use CSS padding instead.
2026-05-06 12:15:53,126 [WARNING] [MainThread] [deprecation/deprecation.py:133]: [DEPRECATED] WifiConfig: 'container_padding' - Use CSS padding instead.
2026-05-06 12:15:53,287 [INFO] [MainThread] [taskbar_window_manager/window_manager.py:196]: TaskbarWindowManager is starting...
2026-05-06 12:15:53,383 [INFO] [MainThread] [root/bar_manager.py:102]: Starting KomorebiEventListener...
2026-05-06 12:15:53,383 [INFO] [MainThread] [root/bar_manager.py:102]: Starting SystemEventListener...
2026-05-06 12:15:53,385 [INFO] [MainThread] [root/watcher.py:65]: Watching directory: c:\users\adama\.config\yasb
2026-05-06 12:15:53,385 [INFO] [MainThread] [root/watcher.py:104]: Created file watcher
2026-05-06 12:15:53,385 [INFO] [Dummy-7] [root/event_listener.py:54]: Created named pipe yasb-90556339-4934-11f1-b443-244bfee15e36
2026-05-06 12:15:53,666 [INFO] [MainThread] [root/update_service.py:434]: Background update checker started
2026-05-06 12:15:53,666 [WARNING] [Dummy-7] [root/event_listener.py:136]: Komorebi failed to subscribe named pipe. 'komorebic.exe' is not recognized as an internal or external command, operable program or batch file.
2026-05-06 12:15:54,016 [INFO] [MainThread] [root/api.py:69]: Fetching new weather data at 2026-05-06 12:15:54.016640
2026-05-06 12:15:57,075 [ERROR] [MainThread] [root/whkd.py:276]: File not found: C:\Users\adama\.config\whkdrc
2026-05-06 12:15:57,560 [ERROR] [MainThread] [root/app_icons.py:282]: GetIconInfo failed: 1311167
2026-05-06 12:25:53,223 [INFO] [MainThread] [root/api.py:69]: Fetching new weather data at 2026-05-06 12:25:53.223702
2026-05-06 12:35:53,183 [INFO] [MainThread] [root/api.py:69]: Fetching new weather data at 2026-05-06 12:35:53.183384
2026-05-06 12:45:53,211 [INFO] [MainThread] [root/api.py:69]: Fetching new weather data at 2026-05-06 12:45:53.211656
2026-05-06 12:55:53,177 [INFO] [MainThread] [root/api.py:69]: Fetching new weather data at 2026-05-06 12:55:53.177484
2026-05-06 13:05:53,232 [INFO] [MainThread] [root/api.py:69]: Fetching new weather data at 2026-05-06 13:05:53.232019
2026-05-06 13:15:53,267 [INFO] [MainThread] [root/api.py:69]: Fetching new weather data at 2026-05-06 13:15:53.267388
2026-05-06 13:25:53,242 [INFO] [MainThread] [root/api.py:69]: Fetching new weather data at 2026-05-06 13:25:53.242863
2026-05-06 13:35:53,265 [INFO] [MainThread] [root/api.py:69]: Fetching new weather data at 2026-05-06 13:35:53.265052
2026-05-06 13:45:53,296 [INFO] [MainThread] [root/api.py:69]: Fetching new weather data at 2026-05-06 13:45:53.296716
2026-05-06 13:55:53,349 [INFO] [MainThread] [root/api.py:69]: Fetching new weather data at 2026-05-06 13:55:53.349240
2026-05-06 14:05:53,417 [INFO] [MainThread] [root/api.py:69]: Fetching new weather data at 2026-05-06 14:05:53.417024
2026-05-06 14:15:53,425 [INFO] [MainThread] [root/api.py:69]: Fetching new weather data at 2026-05-06 14:15:53.425912
2026-05-06 14:25:53,466 [INFO] [MainThread] [root/api.py:69]: Fetching new weather data at 2026-05-06 14:25:53.466663
2026-05-06 14:35:53,496 [INFO] [MainThread] [root/api.py:69]: Fetching new weather data at 2026-05-06 14:35:53.496217
2026-05-06 14:45:53,528 [INFO] [MainThread] [root/api.py:69]: Fetching new weather data at 2026-05-06 14:45:53.528049
2026-05-06 14:55:53,531 [INFO] [MainThread] [root/api.py:69]: Fetching new weather data at 2026-05-06 14:55:53.531827
2026-05-06 15:05:53,550 [INFO] [MainThread] [root/api.py:69]: Fetching new weather data at 2026-05-06 15:05:53.550676
2026-05-06 15:15:53,594 [INFO] [MainThread] [root/api.py:69]: Fetching new weather data at 2026-05-06 15:15:53.594033
2026-05-06 15:25:53,629 [INFO] [MainThread] [root/api.py:69]: Fetching new weather data at 2026-05-06 15:25:53.629441
2026-05-06 15:35:54,082 [INFO] [MainThread] [root/api.py:69]: Fetching new weather data at 2026-05-06 15:35:54.082442
2026-05-06 15:45:53,701 [INFO] [MainThread] [root/api.py:69]: Fetching new weather data at 2026-05-06 15:45:53.701547
2026-05-06 15:55:53,765 [INFO] [MainThread] [root/api.py:69]: Fetching new weather data at 2026-05-06 15:55:53.765844
2026-05-06 16:05:53,788 [INFO] [MainThread] [root/api.py:69]: Fetching new weather data at 2026-05-06 16:05:53.788531
2026-05-06 16:15:53,819 [INFO] [MainThread] [root/api.py:69]: Fetching new weather data at 2026-05-06 16:15:53.819011
2026-05-06 16:25:53,819 [INFO] [MainThread] [root/api.py:69]: Fetching new weather data at 2026-05-06 16:25:53.819851
2026-05-06 16:35:53,878 [INFO] [MainThread] [root/api.py:69]: Fetching new weather data at 2026-05-06 16:35:53.878827
2026-05-06 16:45:53,971 [INFO] [MainThread] [root/api.py:69]: Fetching new weather data at 2026-05-06 16:45:53.971268
2026-05-06 16:55:53,922 [INFO] [MainThread] [root/api.py:69]: Fetching new weather data at 2026-05-06 16:55:53.922819
2026-05-06 17:05:53,990 [INFO] [MainThread] [root/api.py:69]: Fetching new weather data at 2026-05-06 17:05:53.990605
2026-05-06 17:15:54,053 [INFO] [MainThread] [root/api.py:69]: Fetching new weather data at 2026-05-06 17:15:54.053869
2026-05-06 17:25:54,024 [INFO] [MainThread] [root/api.py:69]: Fetching new weather data at 2026-05-06 17:25:54.024044
2026-05-06 17:35:54,041 [INFO] [MainThread] [root/api.py:69]: Fetching new weather data at 2026-05-06 17:35:54.041560
2026-05-06 17:45:54,100 [INFO] [MainThread] [root/api.py:69]: Fetching new weather data at 2026-05-06 17:45:54.100051
2026-05-06 17:55:54,156 [INFO] [MainThread] [root/api.py:69]: Fetching new weather data at 2026-05-06 17:55:54.155978
2026-05-06 18:05:54,159 [INFO] [MainThread] [root/api.py:69]: Fetching new weather data at 2026-05-06 18:05:54.159410
2026-05-06 18:15:54,303 [INFO] [MainThread] [root/api.py:69]: Fetching new weather data at 2026-05-06 18:15:54.303313
2026-05-06 18:25:54,220 [INFO] [MainThread] [root/api.py:69]: Fetching new weather data at 2026-05-06 18:25:54.220748
2026-05-06 18:35:54,270 [INFO] [MainThread] [root/api.py:69]: Fetching new weather data at 2026-05-06 18:35:54.270952
2026-05-06 18:45:54,282 [INFO] [MainThread] [root/api.py:69]: Fetching new weather data at 2026-05-06 18:45:54.282913
2026-05-06 18:55:54,312 [INFO] [MainThread] [root/api.py:69]: Fetching new weather data at 2026-05-06 18:55:54.312261
2026-05-06 19:05:54,372 [INFO] [MainThread] [root/api.py:69]: Fetching new weather data at 2026-05-06 19:05:54.372430
2026-05-06 19:15:54,486 [INFO] [MainThread] [root/api.py:69]: Fetching new weather data at 2026-05-06 19:15:54.486360
2026-05-06 19:25:54,422 [INFO] [MainThread] [root/api.py:69]: Fetching new weather data at 2026-05-06 19:25:54.422577
2026-05-06 19:35:54,452 [INFO] [MainThread] [root/api.py:69]: Fetching new weather data at 2026-05-06 19:35:54.452525
2026-05-06 19:45:54,510 [INFO] [MainThread] [root/api.py:69]: Fetching new weather data at 2026-05-06 19:45:54.510670
2026-05-06 19:55:54,517 [INFO] [MainThread] [root/api.py:69]: Fetching new weather data at 2026-05-06 19:55:54.517733
2026-05-06 20:05:54,527 [INFO] [MainThread] [root/api.py:69]: Fetching new weather data at 2026-05-06 20:05:54.527108
2026-05-06 20:15:54,612 [INFO] [MainThread] [root/api.py:69]: Fetching new weather data at 2026-05-06 20:15:54.612217
2026-05-06 20:48:23,896 [ERROR] [MainThread] [root/api.py:84]: No internet connection or host not found. Unable to fetch weather.
2026-05-06 20:48:23,896 [WARNING] [MainThread] [root/weather.py:591]: Error processing weather data: Weather data is empty.. Retrying fetch in 10 seconds.
2026-05-06 20:48:23,898 [WARNING] [MainThread] [root/weather.py:591]: Error processing weather data: Weather data is empty.. Retrying fetch in 10 seconds.
2026-05-07 13:06:28,186 [INFO] [MainThread] [root/api.py:69]: Fetching new weather data at 2026-05-07 13:06:28.186115
2026-05-07 13:06:28,219 [INFO] [MainThread] [root/api.py:69]: Fetching new weather data at 2026-05-07 13:06:28.219880
2026-05-07 13:06:28,254 [INFO] [MainThread] [root/api.py:69]: Fetching new weather data at 2026-05-07 13:06:28.254581
2026-05-07 13:16:26,925 [INFO] [MainThread] [root/api.py:69]: Fetching new weather data at 2026-05-07 13:16:26.925397
2026-05-07 13:26:26,917 [INFO] [MainThread] [root/api.py:69]: Fetching new weather data at 2026-05-07 13:26:26.917567
2026-05-07 13:36:26,926 [INFO] [MainThread] [root/api.py:69]: Fetching new weather data at 2026-05-07 13:36:26.926244
2026-05-07 14:12:48,914 [ERROR] [MainThread] [root/api.py:84]: No internet connection or host not found. Unable to fetch weather.
2026-05-07 14:12:48,914 [WARNING] [MainThread] [root/weather.py:591]: Error processing weather data: Weather data is empty.. Retrying fetch in 10 seconds.
2026-05-07 14:12:48,915 [WARNING] [MainThread] [root/weather.py:591]: Error processing weather data: Weather data is empty.. Retrying fetch in 10 seconds.
2026-05-07 16:09:03,876 [INFO] [MainThread] [root/api.py:69]: Fetching new weather data at 2026-05-07 16:09:03.876816
2026-05-07 16:09:03,889 [INFO] [MainThread] [root/api.py:69]: Fetching new weather data at 2026-05-07 16:09:03.889760
2026-05-07 16:09:03,895 [INFO] [MainThread] [root/api.py:69]: Fetching new weather data at 2026-05-07 16:09:03.895567
2026-05-07 16:19:02,737 [INFO] [MainThread] [root/api.py:69]: Fetching new weather data at 2026-05-07 16:19:02.737129
2026-05-07 16:29:02,745 [INFO] [MainThread] [root/api.py:69]: Fetching new weather data at 2026-05-07 16:29:02.745239
2026-05-07 16:39:02,804 [INFO] [MainThread] [root/api.py:69]: Fetching new weather data at 2026-05-07 16:39:02.804888
2026-05-07 17:15:34,651 [INFO] [MainThread] [root/api.py:69]: Fetching new weather data at 2026-05-07 17:15:34.651400
Windows fatal exception: code 0x80010108

Thread 0x00004bdc [Thread-13268 (_readerthread)] (most recent call first):
  File "C:\hostedtoolcache\windows\Python\3.14.4\x64\Lib\subprocess.py", line 1614 in _readerthread
  File "C:\hostedtoolcache\windows\Python\3.14.4\x64\Lib\threading.py", line 1024 in run
  File "C:\hostedtoolcache\windows\Python\3.14.4\x64\Lib\threading.py", line 1082 in _bootstrap_inner
  File "C:\hostedtoolcache\windows\Python\3.14.4\x64\Lib\threading.py", line 1044 in _bootstrap

Thread 0x00003e70 [Thread-13267 (_readerthread)] (most recent call first):
  File "C:\hostedtoolcache\windows\Python\3.14.4\x64\Lib\subprocess.py", line 1614 in _readerthread
  File "C:\hostedtoolcache\windows\Python\3.14.4\x64\Lib\threading.py", line 1024 in run
  File "C:\hostedtoolcache\windows\Python\3.14.4\x64\Lib\threading.py", line 1082 in _bootstrap_inner
  File "C:\hostedtoolcache\windows\Python\3.14.4\x64\Lib\threading.py", line 1044 in _bootstrap

Thread 0x00004448 [Thread-5] (most recent call first):
  File "C:\hostedtoolcache\windows\Python\3.14.4\x64\Lib\threading.py", line 369 in wait
  File "C:\hostedtoolcache\windows\Python\3.14.4\x64\Lib\queue.py", line 199 in get
  File "D:\a\yasb\yasb\venv\Lib\site-packages\watchdog\observers\api.py", line 379 in dispatch_events
  File "D:\a\yasb\yasb\venv\Lib\site-packages\watchdog\observers\api.py", line 213 in run
  File "C:\hostedtoolcache\windows\Python\3.14.4\x64\Lib\threading.py", line 1082 in _bootstrap_inner
  File "C:\hostedtoolcache\windows\Python\3.14.4\x64\Lib\threading.py", line 1044 in _bootstrap

Thread 0x00001a14 [Thread-6] (most recent call first):
  File "D:\a\yasb\yasb\venv\Lib\site-packages\watchdog\observers\winapi.py", line 326 in read_directory_changes
  File "D:\a\yasb\yasb\venv\Lib\site-packages\watchdog\observers\winapi.py", line 380 in read_events
  File "D:\a\yasb\yasb\venv\Lib\site-packages\watchdog\observers\read_directory_changes.py", line 67 in _read_events
  File "D:\a\yasb\yasb\venv\Lib\site-packages\watchdog\observers\read_directory_changes.py", line 70 in queue_events
  File "D:\a\yasb\yasb\venv\Lib\site-packages\watchdog\observers\api.py", line 158 in run
  File "C:\hostedtoolcache\windows\Python\3.14.4\x64\Lib\threading.py", line 1082 in _bootstrap_inner
  File "C:\hostedtoolcache\windows\Python\3.14.4\x64\Lib\threading.py", line 1044 in _bootstrap

Thread 0x00005254 [SystemEventListener] (most recent call first):
  File "D:\a\yasb\yasb\src\core\utils\win32\event_listener.py", line 69 in run

Thread 0x00004bbc [KomorebiEventListener] (most recent call first):
  File "C:\hostedtoolcache\windows\Python\3.14.4\x64\Lib\threading.py", line 1133 in join
  File "C:\hostedtoolcache\windows\Python\3.14.4\x64\Lib\subprocess.py", line 1662 in _communicate
  File "C:\hostedtoolcache\windows\Python\3.14.4\x64\Lib\subprocess.py", line 1221 in communicate
  File "D:\a\yasb\yasb\src\core\widgets\services\komorebi\client.py", line 200 in wait_until_subscribed_to_pipe
  File "D:\a\yasb\yasb\src\core\widgets\services\komorebi\event_listener.py", line 141 in _wait_until_komorebi_online
  File "D:\a\yasb\yasb\src\core\widgets\services\komorebi\event_listener.py", line 69 in run

Thread 0x00003158 [WiFiWorker] (most recent call first):
  File "D:\a\yasb\yasb\src\core\widgets\services\wifi\wifi_managers.py", line 150 in run

Thread 0x00003af8 [MemoryWorker] (most recent call first):
  File "D:\a\yasb\yasb\src\core\widgets\services\memory\memory_api.py", line 244 in run

Thread 0x00002030 [CpuWorker] (most recent call first):
  File "D:\a\yasb\yasb\src\core\widgets\services\cpu\cpu_api.py", line 318 in run

Thread 0x00000a38 [_EventWorker] (most recent call first):
  File "D:\a\yasb\yasb\venv\Lib\site-packages\qasync\_windows.py", line 147 in _poll
  File "D:\a\yasb\yasb\venv\Lib\site-packages\qasync\_windows.py", line 72 in select
  File "D:\a\yasb\yasb\venv\Lib\site-packages\qasync\_windows.py", line 199 in run

Thread 0x000028a0 [LogPipeServer] (most recent call first):
  File "D:\a\yasb\yasb\src\core\utils\win32\bindings\kernel32.py", line 288 in ConnectNamedPipe
  File "D:\a\yasb\yasb\src\core\utils\cli_server.py", line 138 in _run_server
  File "C:\hostedtoolcache\windows\Python\3.14.4\x64\Lib\threading.py", line 1024 in run
  File "C:\hostedtoolcache\windows\Python\3.14.4\x64\Lib\threading.py", line 1082 in _bootstrap_inner
  File "C:\hostedtoolcache\windows\Python\3.14.4\x64\Lib\threading.py", line 1044 in _bootstrap

Thread 0x00001f74 [CLIPipeServer] (most recent call first):
  File "D:\a\yasb\yasb\src\core\utils\win32\bindings\kernel32.py", line 288 in ConnectNamedPipe
  File "D:\a\yasb\yasb\src\core\utils\cli_server.py", line 235 in _run_server
  File "C:\hostedtoolcache\windows\Python\3.14.4\x64\Lib\threading.py", line 1024 in run
  File "C:\hostedtoolcache\windows\Python\3.14.4\x64\Lib\threading.py", line 1082 in _bootstrap_inner
  File "C:\hostedtoolcache\windows\Python\3.14.4\x64\Lib\threading.py", line 1044 in _bootstrap

Thread 0x00003624 (most recent call first):
  File "D:\a\yasb\yasb\venv\Lib\site-packages\qasync\__init__.py", line 404 in run_forever
  File "D:\a\yasb\yasb\venv\Lib\site-packages\qasync\__init__.py", line 428 in run_until_complete
  File "main.py", line 98 in main
  File "main.py", line 188 in <module>
  File "D:\a\yasb\yasb\venv\Lib\site-packages\freeze_core\initscripts\console.py", line 27 in run
  File "D:\a\yasb\yasb\venv\Lib\site-packages\freeze_core\initscripts\__startup__.py", line 137 in run

Current thread's C stack trace (most recent call first):
  <cannot get C stack on this system>
Windows fatal exception: code 0x80010108

Thread 0x00004bdc [Thread-13268 (_readerthread)] (most recent call first):
  File "C:\hostedtoolcache\windows\Python\3.14.4\x64\Lib\subprocess.py", line 1614 in _readerthread
  File "C:\hostedtoolcache\windows\Python\3.14.4\x64\Lib\threading.py", line 1024 in run
  File "C:\hostedtoolcache\windows\Python\3.14.4\x64\Lib\threading.py", line 1082 in _bootstrap_inner
  File "C:\hostedtoolcache\windows\Python\3.14.4\x64\Lib\threading.py", line 1044 in _bootstrap

Thread 0x00003e70 [Thread-13267 (_readerthread)] (most recent call first):
  File "C:\hostedtoolcache\windows\Python\3.14.4\x64\Lib\subprocess.py", line 1614 in _readerthread
  File "C:\hostedtoolcache\windows\Python\3.14.4\x64\Lib\threading.py", line 1024 in run
  File "C:\hostedtoolcache\windows\Python\3.14.4\x64\Lib\threading.py", line 1082 in _bootstrap_inner
  File "C:\hostedtoolcache\windows\Python\3.14.4\x64\Lib\threading.py", line 1044 in _bootstrap

Thread 0x00004448 [Thread-5] (most recent call first):
  File "C:\hostedtoolcache\windows\Python\3.14.4\x64\Lib\threading.py", line 369 in wait
  File "C:\hostedtoolcache\windows\Python\3.14.4\x64\Lib\queue.py", line 199 in get
  File "D:\a\yasb\yasb\venv\Lib\site-packages\watchdog\observers\api.py", line 379 in dispatch_events
  File "D:\a\yasb\yasb\venv\Lib\site-packages\watchdog\observers\api.py", line 213 in run
  File "C:\hostedtoolcache\windows\Python\3.14.4\x64\Lib\threading.py", line 1082 in _bootstrap_inner
  File "C:\hostedtoolcache\windows\Python\3.14.4\x64\Lib\threading.py", line 1044 in _bootstrap

Thread 0x00001a14 [Thread-6] (most recent call first):
  File "D:\a\yasb\yasb\venv\Lib\site-packages\watchdog\observers\winapi.py", line 326 in read_directory_changes
  File "D:\a\yasb\yasb\venv\Lib\site-packages\watchdog\observers\winapi.py", line 380 in read_events
  File "D:\a\yasb\yasb\venv\Lib\site-packages\watchdog\observers\read_directory_changes.py", line 67 in _read_events
  File "D:\a\yasb\yasb\venv\Lib\site-packages\watchdog\observers\read_directory_changes.py", line 70 in queue_events
  File "D:\a\yasb\yasb\venv\Lib\site-packages\watchdog\observers\api.py", line 158 in run
  File "C:\hostedtoolcache\windows\Python\3.14.4\x64\Lib\threading.py", line 1082 in _bootstrap_inner
  File "C:\hostedtoolcache\windows\Python\3.14.4\x64\Lib\threading.py", line 1044 in _bootstrap

Thread 0x00005254 [SystemEventListener] (most recent call first):
  File "D:\a\yasb\yasb\src\core\utils\win32\event_listener.py", line 69 in run

Thread 0x00004bbc [KomorebiEventListener] (most recent call first):
  File "C:\hostedtoolcache\windows\Python\3.14.4\x64\Lib\threading.py", line 1133 in join
  File "C:\hostedtoolcache\windows\Python\3.14.4\x64\Lib\subprocess.py", line 1662 in _communicate
  File "C:\hostedtoolcache\windows\Python\3.14.4\x64\Lib\subprocess.py", line 1221 in communicate
  File "D:\a\yasb\yasb\src\core\widgets\services\komorebi\client.py", line 200 in wait_until_subscribed_to_pipe
  File "D:\a\yasb\yasb\src\core\widgets\services\komorebi\event_listener.py", line 141 in _wait_until_komorebi_online
  File "D:\a\yasb\yasb\src\core\widgets\services\komorebi\event_listener.py", line 69 in run

Thread 0x00003158 [WiFiWorker] (most recent call first):
  File "D:\a\yasb\yasb\src\core\widgets\services\wifi\wifi_managers.py", line 150 in run

Thread 0x00003af8 [MemoryWorker] (most recent call first):
  File "D:\a\yasb\yasb\src\core\widgets\services\memory\memory_api.py", line 244 in run

Thread 0x00002030 [CpuWorker] (most recent call first):
  File "D:\a\yasb\yasb\src\core\widgets\services\cpu\cpu_api.py", line 318 in run

Thread 0x00000a38 [_EventWorker] (most recent call first):
  File "D:\a\yasb\yasb\venv\Lib\site-packages\qasync\_windows.py", line 147 in _poll
  File "D:\a\yasb\yasb\venv\Lib\site-packages\qasync\_windows.py", line 72 in select
  File "D:\a\yasb\yasb\venv\Lib\site-packages\qasync\_windows.py", line 199 in run

Thread 0x000028a0 [LogPipeServer] (most recent call first):
  File "D:\a\yasb\yasb\src\core\utils\win32\bindings\kernel32.py", line 288 in ConnectNamedPipe
  File "D:\a\yasb\yasb\src\core\utils\cli_server.py", line 138 in _run_server
  File "C:\hostedtoolcache\windows\Python\3.14.4\x64\Lib\threading.py", line 1024 in run
  File "C:\hostedtoolcache\windows\Python\3.14.4\x64\Lib\threading.py", line 1082 in _bootstrap_inner
  File "C:\hostedtoolcache\windows\Python\3.14.4\x64\Lib\threading.py", line 1044 in _bootstrap

Thread 0x00001f74 [CLIPipeServer] (most recent call first):
  File "D:\a\yasb\yasb\src\core\utils\win32\bindings\kernel32.py", line 288 in ConnectNamedPipe
  File "D:\a\yasb\yasb\src\core\utils\cli_server.py", line 235 in _run_server
  File "C:\hostedtoolcache\windows\Python\3.14.4\x64\Lib\threading.py", line 1024 in run
  File "C:\hostedtoolcache\windows\Python\3.14.4\x64\Lib\threading.py", line 1082 in _bootstrap_inner
  File "C:\hostedtoolcache\windows\Python\3.14.4\x64\Lib\threading.py", line 1044 in _bootstrap

Thread 0x00003624 (most recent call first):
  File "D:\a\yasb\yasb\venv\Lib\site-packages\qasync\__init__.py", line 404 in run_forever
  File "D:\a\yasb\yasb\venv\Lib\site-packages\qasync\__init__.py", line 428 in run_until_complete
  File "main.py", line 98 in main
  File "main.py", line 188 in <module>
  File "D:\a\yasb\yasb\venv\Lib\site-packages\freeze_core\initscripts\console.py", line 27 in run
  File "D:\a\yasb\yasb\venv\Lib\site-packages\freeze_core\initscripts\__startup__.py", line 137 in run

Current thread's C stack trace (most recent call first):
  <cannot get C stack on this system>
Windows fatal exception: code 0x80010108

Thread 0x00004bdc [Thread-13268 (_readerthread)] (most recent call first):
  File "C:\hostedtoolcache\windows\Python\3.14.4\x64\Lib\subprocess.py", line 1614 in _readerthread
  File "C:\hostedtoolcache\windows\Python\3.14.4\x64\Lib\threading.py", line 1024 in run
  File "C:\hostedtoolcache\windows\Python\3.14.4\x64\Lib\threading.py", line 1082 in _bootstrap_inner
  File "C:\hostedtoolcache\windows\Python\3.14.4\x64\Lib\threading.py", line 1044 in _bootstrap

Thread 0x00003e70 [Thread-13267 (_readerthread)] (most recent call first):
  File "C:\hostedtoolcache\windows\Python\3.14.4\x64\Lib\subprocess.py", line 1614 in _readerthread
  File "C:\hostedtoolcache\windows\Python\3.14.4\x64\Lib\threading.py", line 1024 in run
  File "C:\hostedtoolcache\windows\Python\3.14.4\x64\Lib\threading.py", line 1082 in _bootstrap_inner
  File "C:\hostedtoolcache\windows\Python\3.14.4\x64\Lib\threading.py", line 1044 in _bootstrap

Thread 0x00004448 [Thread-5] (most recent call first):
  File "C:\hostedtoolcache\windows\Python\3.14.4\x64\Lib\threading.py", line 369 in wait
  File "C:\hostedtoolcache\windows\Python\3.14.4\x64\Lib\queue.py", line 199 in get
  File "D:\a\yasb\yasb\venv\Lib\site-packages\watchdog\observers\api.py", line 379 in dispatch_events
  File "D:\a\yasb\yasb\venv\Lib\site-packages\watchdog\observers\api.py", line 213 in run
  File "C:\hostedtoolcache\windows\Python\3.14.4\x64\Lib\threading.py", line 1082 in _bootstrap_inner
  File "C:\hostedtoolcache\windows\Python\3.14.4\x64\Lib\threading.py", line 1044 in _bootstrap

Thread 0x00001a14 [Thread-6] (most recent call first):
  File "D:\a\yasb\yasb\venv\Lib\site-packages\watchdog\observers\winapi.py", line 326 in read_directory_changes
  File "D:\a\yasb\yasb\venv\Lib\site-packages\watchdog\observers\winapi.py", line 380 in read_events
  File "D:\a\yasb\yasb\venv\Lib\site-packages\watchdog\observers\read_directory_changes.py", line 67 in _read_events
  File "D:\a\yasb\yasb\venv\Lib\site-packages\watchdog\observers\read_directory_changes.py", line 70 in queue_events
  File "D:\a\yasb\yasb\venv\Lib\site-packages\watchdog\observers\api.py", line 158 in run
  File "C:\hostedtoolcache\windows\Python\3.14.4\x64\Lib\threading.py", line 1082 in _bootstrap_inner
  File "C:\hostedtoolcache\windows\Python\3.14.4\x64\Lib\threading.py", line 1044 in _bootstrap

Thread 0x00005254 [SystemEventListener] (most recent call first):
  File "D:\a\yasb\yasb\src\core\utils\win32\event_listener.py", line 69 in run

Thread 0x00004bbc [KomorebiEventListener] (most recent call first):
  File "C:\hostedtoolcache\windows\Python\3.14.4\x64\Lib\threading.py", line 1133 in join
  File "C:\hostedtoolcache\windows\Python\3.14.4\x64\Lib\subprocess.py", line 1662 in _communicate
  File "C:\hostedtoolcache\windows\Python\3.14.4\x64\Lib\subprocess.py", line 1221 in communicate
  File "D:\a\yasb\yasb\src\core\widgets\services\komorebi\client.py", line 200 in wait_until_subscribed_to_pipe
  File "D:\a\yasb\yasb\src\core\widgets\services\komorebi\event_listener.py", line 141 in _wait_until_komorebi_online
  File "D:\a\yasb\yasb\src\core\widgets\services\komorebi\event_listener.py", line 69 in run

Thread 0x00003158 [WiFiWorker] (most recent call first):
  File "D:\a\yasb\yasb\src\core\widgets\services\wifi\wifi_managers.py", line 150 in run

Thread 0x00003af8 [MemoryWorker] (most recent call first):
  File "D:\a\yasb\yasb\src\core\widgets\services\memory\memory_api.py", line 244 in run

Thread 0x00002030 [CpuWorker] (most recent call first):
  File "D:\a\yasb\yasb\src\core\widgets\services\cpu\cpu_api.py", line 318 in run

Thread 0x00000a38 [_EventWorker] (most recent call first):
  File "D:\a\yasb\yasb\venv\Lib\site-packages\qasync\_windows.py", line 147 in _poll
  File "D:\a\yasb\yasb\venv\Lib\site-packages\qasync\_windows.py", line 72 in select
  File "D:\a\yasb\yasb\venv\Lib\site-packages\qasync\_windows.py", line 199 in run

Thread 0x000028a0 [LogPipeServer] (most recent call first):
  File "D:\a\yasb\yasb\src\core\utils\win32\bindings\kernel32.py", line 288 in ConnectNamedPipe
  File "D:\a\yasb\yasb\src\core\utils\cli_server.py", line 138 in _run_server
  File "C:\hostedtoolcache\windows\Python\3.14.4\x64\Lib\threading.py", line 1024 in run
  File "C:\hostedtoolcache\windows\Python\3.14.4\x64\Lib\threading.py", line 1082 in _bootstrap_inner
  File "C:\hostedtoolcache\windows\Python\3.14.4\x64\Lib\threading.py", line 1044 in _bootstrap

Thread 0x00001f74 [CLIPipeServer] (most recent call first):
  File "D:\a\yasb\yasb\src\core\utils\win32\bindings\kernel32.py", line 288 in ConnectNamedPipe
  File "D:\a\yasb\yasb\src\core\utils\cli_server.py", line 235 in _run_server
  File "C:\hostedtoolcache\windows\Python\3.14.4\x64\Lib\threading.py", line 1024 in run
  File "C:\hostedtoolcache\windows\Python\3.14.4\x64\Lib\threading.py", line 1082 in _bootstrap_inner
  File "C:\hostedtoolcache\windows\Python\3.14.4\x64\Lib\threading.py", line 1044 in _bootstrap

Thread 0x00003624 (most recent call first):
  File "D:\a\yasb\yasb\venv\Lib\site-packages\qasync\__init__.py", line 404 in run_forever
  File "D:\a\yasb\yasb\venv\Lib\site-packages\qasync\__init__.py", line 428 in run_until_complete
  File "main.py", line 98 in main
  File "main.py", line 188 in <module>
  File "D:\a\yasb\yasb\venv\Lib\site-packages\freeze_core\initscripts\console.py", line 27 in run
  File "D:\a\yasb\yasb\venv\Lib\site-packages\freeze_core\initscripts\__startup__.py", line 137 in run

Current thread's C stack trace (most recent call first):
  <cannot get C stack on this system>
Windows fatal exception: code 0x80010108

Thread 0x00004bdc [Thread-13268 (_readerthread)] (most recent call first):
  File "C:\hostedtoolcache\windows\Python\3.14.4\x64\Lib\subprocess.py", line 1614 in _readerthread
  File "C:\hostedtoolcache\windows\Python\3.14.4\x64\Lib\threading.py", line 1024 in run
  File "C:\hostedtoolcache\windows\Python\3.14.4\x64\Lib\threading.py", line 1082 in _bootstrap_inner
  File "C:\hostedtoolcache\windows\Python\3.14.4\x64\Lib\threading.py", line 1044 in _bootstrap

Thread 0x00003e70 [Thread-13267 (_readerthread)] (most recent call first):
  File "C:\hostedtoolcache\windows\Python\3.14.4\x64\Lib\subprocess.py", line 1614 in _readerthread
  File "C:\hostedtoolcache\windows\Python\3.14.4\x64\Lib\threading.py", line 1024 in run
  File "C:\hostedtoolcache\windows\Python\3.14.4\x64\Lib\threading.py", line 1082 in _bootstrap_inner
  File "C:\hostedtoolcache\windows\Python\3.14.4\x64\Lib\threading.py", line 1044 in _bootstrap

Thread 0x00004448 [Thread-5] (most recent call first):
  File "C:\hostedtoolcache\windows\Python\3.14.4\x64\Lib\threading.py", line 369 in wait
  File "C:\hostedtoolcache\windows\Python\3.14.4\x64\Lib\queue.py", line 199 in get
  File "D:\a\yasb\yasb\venv\Lib\site-packages\watchdog\observers\api.py", line 379 in dispatch_events
  File "D:\a\yasb\yasb\venv\Lib\site-packages\watchdog\observers\api.py", line 213 in run
  File "C:\hostedtoolcache\windows\Python\3.14.4\x64\Lib\threading.py", line 1082 in _bootstrap_inner
  File "C:\hostedtoolcache\windows\Python\3.14.4\x64\Lib\threading.py", line 1044 in _bootstrap

Thread 0x00001a14 [Thread-6] (most recent call first):
  File "D:\a\yasb\yasb\venv\Lib\site-packages\watchdog\observers\winapi.py", line 326 in read_directory_changes
  File "D:\a\yasb\yasb\venv\Lib\site-packages\watchdog\observers\winapi.py", line 380 in read_events
  File "D:\a\yasb\yasb\venv\Lib\site-packages\watchdog\observers\read_directory_changes.py", line 67 in _read_events
  File "D:\a\yasb\yasb\venv\Lib\site-packages\watchdog\observers\read_directory_changes.py", line 70 in queue_events
  File "D:\a\yasb\yasb\venv\Lib\site-packages\watchdog\observers\api.py", line 158 in run
  File "C:\hostedtoolcache\windows\Python\3.14.4\x64\Lib\threading.py", line 1082 in _bootstrap_inner
  File "C:\hostedtoolcache\windows\Python\3.14.4\x64\Lib\threading.py", line 1044 in _bootstrap

Thread 0x00005254 [SystemEventListener] (most recent call first):
  File "D:\a\yasb\yasb\src\core\utils\win32\event_listener.py", line 69 in run

Thread 0x00004bbc [KomorebiEventListener] (most recent call first):
  File "C:\hostedtoolcache\windows\Python\3.14.4\x64\Lib\threading.py", line 1133 in join
  File "C:\hostedtoolcache\windows\Python\3.14.4\x64\Lib\subprocess.py", line 1662 in _communicate
  File "C:\hostedtoolcache\windows\Python\3.14.4\x64\Lib\subprocess.py", line 1221 in communicate
  File "D:\a\yasb\yasb\src\core\widgets\services\komorebi\client.py", line 200 in wait_until_subscribed_to_pipe
  File "D:\a\yasb\yasb\src\core\widgets\services\komorebi\event_listener.py", line 141 in _wait_until_komorebi_online
  File "D:\a\yasb\yasb\src\core\widgets\services\komorebi\event_listener.py", line 69 in run

Thread 0x00003158 [WiFiWorker] (most recent call first):
  File "D:\a\yasb\yasb\src\core\widgets\services\wifi\wifi_managers.py", line 150 in run

Thread 0x00003af8 [MemoryWorker] (most recent call first):
  File "D:\a\yasb\yasb\src\core\widgets\services\memory\memory_api.py", line 244 in run

Thread 0x00002030 [CpuWorker] (most recent call first):
  File "D:\a\yasb\yasb\src\core\widgets\services\cpu\cpu_api.py", line 318 in run

Thread 0x00000a38 [_EventWorker] (most recent call first):
  File "D:\a\yasb\yasb\venv\Lib\site-packages\qasync\_windows.py", line 147 in _poll
  File "D:\a\yasb\yasb\venv\Lib\site-packages\qasync\_windows.py", line 72 in select
  File "D:\a\yasb\yasb\venv\Lib\site-packages\qasync\_windows.py", line 199 in run

Thread 0x000028a0 [LogPipeServer] (most recent call first):
  File "D:\a\yasb\yasb\src\core\utils\win32\bindings\kernel32.py", line 288 in ConnectNamedPipe
  File "D:\a\yasb\yasb\src\core\utils\cli_server.py", line 138 in _run_server
  File "C:\hostedtoolcache\windows\Python\3.14.4\x64\Lib\threading.py", line 1024 in run
  File "C:\hostedtoolcache\windows\Python\3.14.4\x64\Lib\threading.py", line 1082 in _bootstrap_inner
  File "C:\hostedtoolcache\windows\Python\3.14.4\x64\Lib\threading.py", line 1044 in _bootstrap

Thread 0x00001f74 [CLIPipeServer] (most recent call first):
  File "D:\a\yasb\yasb\src\core\utils\win32\bindings\kernel32.py", line 288 in ConnectNamedPipe
  File "D:\a\yasb\yasb\src\core\utils\cli_server.py", line 235 in _run_server
  File "C:\hostedtoolcache\windows\Python\3.14.4\x64\Lib\threading.py", line 1024 in run
  File "C:\hostedtoolcache\windows\Python\3.14.4\x64\Lib\threading.py", line 1082 in _bootstrap_inner
  File "C:\hostedtoolcache\windows\Python\3.14.4\x64\Lib\threading.py", line 1044 in _bootstrap

Thread 0x00003624 (most recent call first):
  File "D:\a\yasb\yasb\venv\Lib\site-packages\qasync\__init__.py", line 404 in run_forever
  File "D:\a\yasb\yasb\venv\Lib\site-packages\qasync\__init__.py", line 428 in run_until_complete
  File "main.py", line 98 in main
  File "main.py", line 188 in <module>
  File "D:\a\yasb\yasb\venv\Lib\site-packages\freeze_core\initscripts\console.py", line 27 in run
  File "D:\a\yasb\yasb\venv\Lib\site-packages\freeze_core\initscripts\__startup__.py", line 137 in run

Current thread's C stack trace (most recent call first):
  <cannot get C stack on this system>
Windows fatal exception: code 0x80010108

Thread 0x00004bdc [Thread-13268 (_readerthread)] (most recent call first):
  File "C:\hostedtoolcache\windows\Python\3.14.4\x64\Lib\subprocess.py", line 1614 in _readerthread
  File "C:\hostedtoolcache\windows\Python\3.14.4\x64\Lib\threading.py", line 1024 in run
  File "C:\hostedtoolcache\windows\Python\3.14.4\x64\Lib\threading.py", line 1082 in _bootstrap_inner
  File "C:\hostedtoolcache\windows\Python\3.14.4\x64\Lib\threading.py", line 1044 in _bootstrap

Thread 0x00003e70 [Thread-13267 (_readerthread)] (most recent call first):
  File "C:\hostedtoolcache\windows\Python\3.14.4\x64\Lib\subprocess.py", line 1614 in _readerthread
  File "C:\hostedtoolcache\windows\Python\3.14.4\x64\Lib\threading.py", line 1024 in run
  File "C:\hostedtoolcache\windows\Python\3.14.4\x64\Lib\threading.py", line 1082 in _bootstrap_inner
  File "C:\hostedtoolcache\windows\Python\3.14.4\x64\Lib\threading.py", line 1044 in _bootstrap

Thread 0x00004448 [Thread-5] (most recent call first):
  File "C:\hostedtoolcache\windows\Python\3.14.4\x64\Lib\threading.py", line 369 in wait
  File "C:\hostedtoolcache\windows\Python\3.14.4\x64\Lib\queue.py", line 199 in get
  File "D:\a\yasb\yasb\venv\Lib\site-packages\watchdog\observers\api.py", line 379 in dispatch_events
  File "D:\a\yasb\yasb\venv\Lib\site-packages\watchdog\observers\api.py", line 213 in run
  File "C:\hostedtoolcache\windows\Python\3.14.4\x64\Lib\threading.py", line 1082 in _bootstrap_inner
  File "C:\hostedtoolcache\windows\Python\3.14.4\x64\Lib\threading.py", line 1044 in _bootstrap

Thread 0x00001a14 [Thread-6] (most recent call first):
  File "D:\a\yasb\yasb\venv\Lib\site-packages\watchdog\observers\winapi.py", line 326 in read_directory_changes
  File "D:\a\yasb\yasb\venv\Lib\site-packages\watchdog\observers\winapi.py", line 380 in read_events
  File "D:\a\yasb\yasb\venv\Lib\site-packages\watchdog\observers\read_directory_changes.py", line 67 in _read_events
  File "D:\a\yasb\yasb\venv\Lib\site-packages\watchdog\observers\read_directory_changes.py", line 70 in queue_events
  File "D:\a\yasb\yasb\venv\Lib\site-packages\watchdog\observers\api.py", line 158 in run
  File "C:\hostedtoolcache\windows\Python\3.14.4\x64\Lib\threading.py", line 1082 in _bootstrap_inner
  File "C:\hostedtoolcache\windows\Python\3.14.4\x64\Lib\threading.py", line 1044 in _bootstrap

Thread 0x00005254 [SystemEventListener] (most recent call first):
  File "D:\a\yasb\yasb\src\core\utils\win32\event_listener.py", line 69 in run

Thread 0x00004bbc [KomorebiEventListener] (most recent call first):
  File "C:\hostedtoolcache\windows\Python\3.14.4\x64\Lib\threading.py", line 1133 in join
  File "C:\hostedtoolcache\windows\Python\3.14.4\x64\Lib\subprocess.py", line 1662 in _communicate
  File "C:\hostedtoolcache\windows\Python\3.14.4\x64\Lib\subprocess.py", line 1221 in communicate
  File "D:\a\yasb\yasb\src\core\widgets\services\komorebi\client.py", line 200 in wait_until_subscribed_to_pipe
  File "D:\a\yasb\yasb\src\core\widgets\services\komorebi\event_listener.py", line 141 in _wait_until_komorebi_online
  File "D:\a\yasb\yasb\src\core\widgets\services\komorebi\event_listener.py", line 69 in run

Thread 0x00003158 [WiFiWorker] (most recent call first):
  File "D:\a\yasb\yasb\src\core\widgets\services\wifi\wifi_managers.py", line 150 in run

Thread 0x00003af8 [MemoryWorker] (most recent call first):
  File "D:\a\yasb\yasb\src\core\widgets\services\memory\memory_api.py", line 244 in run

Thread 0x00002030 [CpuWorker] (most recent call first):
  File "D:\a\yasb\yasb\src\core\widgets\services\cpu\cpu_api.py", line 318 in run

Thread 0x00000a38 [_EventWorker] (most recent call first):
  File "D:\a\yasb\yasb\venv\Lib\site-packages\qasync\_windows.py", line 147 in _poll
  File "D:\a\yasb\yasb\venv\Lib\site-packages\qasync\_windows.py", line 72 in select
  File "D:\a\yasb\yasb\venv\Lib\site-packages\qasync\_windows.py", line 199 in run

Thread 0x000028a0 [LogPipeServer] (most recent call first):
  File "D:\a\yasb\yasb\src\core\utils\win32\bindings\kernel32.py", line 288 in ConnectNamedPipe
  File "D:\a\yasb\yasb\src\core\utils\cli_server.py", line 138 in _run_server
  File "C:\hostedtoolcache\windows\Python\3.14.4\x64\Lib\threading.py", line 1024 in run
  File "C:\hostedtoolcache\windows\Python\3.14.4\x64\Lib\threading.py", line 1082 in _bootstrap_inner
  File "C:\hostedtoolcache\windows\Python\3.14.4\x64\Lib\threading.py", line 1044 in _bootstrap

Thread 0x00001f74 [CLIPipeServer] (most recent call first):
  File "D:\a\yasb\yasb\src\core\utils\win32\bindings\kernel32.py", line 288 in ConnectNamedPipe
  File "D:\a\yasb\yasb\src\core\utils\cli_server.py", line 235 in _run_server
  File "C:\hostedtoolcache\windows\Python\3.14.4\x64\Lib\threading.py", line 1024 in run
  File "C:\hostedtoolcache\windows\Python\3.14.4\x64\Lib\threading.py", line 1082 in _bootstrap_inner
  File "C:\hostedtoolcache\windows\Python\3.14.4\x64\Lib\threading.py", line 1044 in _bootstrap

Thread 0x00003624 (most recent call first):
  File "D:\a\yasb\yasb\venv\Lib\site-packages\qasync\__init__.py", line 404 in run_forever
  File "D:\a\yasb\yasb\venv\Lib\site-packages\qasync\__init__.py", line 428 in run_until_complete
  File "main.py", line 98 in main
  File "main.py", line 188 in <module>
  File "D:\a\yasb\yasb\venv\Lib\site-packages\freeze_core\initscripts\console.py", line 27 in run
  File "D:\a\yasb\yasb\venv\Lib\site-packages\freeze_core\initscripts\__startup__.py", line 137 in run

Current thread's C stack trace (most recent call first):
  <cannot get C stack on this system>
2026-05-08 18:10:14,873 [ERROR] [MainThread] [root/api.py:84]: No internet connection or host not found. Unable to fetch weather.
2026-05-08 18:10:14,873 [WARNING] [MainThread] [root/weather.py:591]: Error processing weather data: Weather data is empty.. Retrying fetch in 10 seconds.
2026-05-08 18:10:14,875 [WARNING] [MainThread] [root/weather.py:591]: Error processing weather data: Weather data is empty.. Retrying fetch in 10 seconds.
2026-05-08 18:10:25,813 [INFO] [MainThread] [root/api.py:69]: Fetching new weather data at 2026-05-08 18:10:25.813008
2026-05-08 18:10:25,820 [INFO] [MainThread] [root/api.py:69]: Fetching new weather data at 2026-05-08 18:10:25.820001
2026-05-08 18:20:12,306 [INFO] [MainThread] [root/api.py:69]: Fetching new weather data at 2026-05-08 18:20:12.305984
2026-05-08 18:30:12,309 [INFO] [MainThread] [root/api.py:69]: Fetching new weather data at 2026-05-08 18:30:12.309115
2026-05-08 18:40:12,349 [INFO] [MainThread] [root/api.py:69]: Fetching new weather data at 2026-05-08 18:40:12.349386
2026-05-08 19:10:23,815 [ERROR] [MainThread] [root/api.py:84]: No internet connection or host not found. Unable to fetch weather.
2026-05-08 19:10:23,815 [WARNING] [MainThread] [root/weather.py:591]: Error processing weather data: Weather data is empty.. Retrying fetch in 10 seconds.
2026-05-08 19:10:23,817 [WARNING] [MainThread] [root/weather.py:591]: Error processing weather data: Weather data is empty.. Retrying fetch in 10 seconds.
2026-05-09 16:45:26,132 [INFO] [MainThread] [root/api.py:69]: Fetching new weather data at 2026-05-09 16:45:26.131995
2026-05-09 16:45:26,149 [INFO] [MainThread] [root/api.py:69]: Fetching new weather data at 2026-05-09 16:45:26.149602
2026-05-09 16:45:26,160 [INFO] [MainThread] [root/api.py:69]: Fetching new weather data at 2026-05-09 16:45:26.160717
2026-05-09 16:55:24,794 [INFO] [MainThread] [root/api.py:69]: Fetching new weather data at 2026-05-09 16:55:24.794372
2026-05-09 17:05:24,773 [INFO] [MainThread] [root/api.py:69]: Fetching new weather data at 2026-05-09 17:05:24.773252
2026-05-09 17:15:24,836 [INFO] [MainThread] [root/api.py:69]: Fetching new weather data at 2026-05-09 17:15:24.836522
2026-05-09 17:45:40,679 [INFO] [MainThread] [root/api.py:69]: Fetching new weather data at 2026-05-09 17:45:40.678965
Windows fatal exception: code 0x80010108

Thread 0x0000410c [Thread-14716 (_readerthread)] (most recent call first):
  File "C:\hostedtoolcache\windows\Python\3.14.4\x64\Lib\subprocess.py", line 1614 in _readerthread
  File "C:\hostedtoolcache\windows\Python\3.14.4\x64\Lib\threading.py", line 1024 in run
  File "C:\hostedtoolcache\windows\Python\3.14.4\x64\Lib\threading.py", line 1082 in _bootstrap_inner
  File "C:\hostedtoolcache\windows\Python\3.14.4\x64\Lib\threading.py", line 1044 in _bootstrap

Thread 0x00003658 [Thread-14715 (_readerthread)] (most recent call first):
  File "C:\hostedtoolcache\windows\Python\3.14.4\x64\Lib\subprocess.py", line 1614 in _readerthread
  File "C:\hostedtoolcache\windows\Python\3.14.4\x64\Lib\threading.py", line 1024 in run
  File "C:\hostedtoolcache\windows\Python\3.14.4\x64\Lib\threading.py", line 1082 in _bootstrap_inner
  File "C:\hostedtoolcache\windows\Python\3.14.4\x64\Lib\threading.py", line 1044 in _bootstrap

Thread 0x00004448 [Thread-5] (most recent call first):
  File "C:\hostedtoolcache\windows\Python\3.14.4\x64\Lib\threading.py", line 369 in wait
  File "C:\hostedtoolcache\windows\Python\3.14.4\x64\Lib\queue.py", line 199 in get
  File "D:\a\yasb\yasb\venv\Lib\site-packages\watchdog\observers\api.py", line 379 in dispatch_events
  File "D:\a\yasb\yasb\venv\Lib\site-packages\watchdog\observers\api.py", line 213 in run
  File "C:\hostedtoolcache\windows\Python\3.14.4\x64\Lib\threading.py", line 1082 in _bootstrap_inner
  File "C:\hostedtoolcache\windows\Python\3.14.4\x64\Lib\threading.py", line 1044 in _bootstrap

Thread 0x00001a14 [Thread-6] (most recent call first):
  File "D:\a\yasb\yasb\venv\Lib\site-packages\watchdog\observers\winapi.py", line 326 in read_directory_changes
  File "D:\a\yasb\yasb\venv\Lib\site-packages\watchdog\observers\winapi.py", line 380 in read_events
  File "D:\a\yasb\yasb\venv\Lib\site-packages\watchdog\observers\read_directory_changes.py", line 67 in _read_events
  File "D:\a\yasb\yasb\venv\Lib\site-packages\watchdog\observers\read_directory_changes.py", line 70 in queue_events
  File "D:\a\yasb\yasb\venv\Lib\site-packages\watchdog\observers\api.py", line 158 in run
  File "C:\hostedtoolcache\windows\Python\3.14.4\x64\Lib\threading.py", line 1082 in _bootstrap_inner
  File "C:\hostedtoolcache\windows\Python\3.14.4\x64\Lib\threading.py", line 1044 in _bootstrap

Thread 0x00005254 [SystemEventListener] (most recent call first):
  File "D:\a\yasb\yasb\src\core\utils\win32\event_listener.py", line 69 in run

Thread 0x00004bbc [KomorebiEventListener] (most recent call first):
  File "C:\hostedtoolcache\windows\Python\3.14.4\x64\Lib\threading.py", line 1133 in join
  File "C:\hostedtoolcache\windows\Python\3.14.4\x64\Lib\subprocess.py", line 1662 in _communicate
  File "C:\hostedtoolcache\windows\Python\3.14.4\x64\Lib\subprocess.py", line 1221 in communicate
  File "D:\a\yasb\yasb\src\core\widgets\services\komorebi\client.py", line 200 in wait_until_subscribed_to_pipe
  File "D:\a\yasb\yasb\src\core\widgets\services\komorebi\event_listener.py", line 141 in _wait_until_komorebi_online
  File "D:\a\yasb\yasb\src\core\widgets\services\komorebi\event_listener.py", line 69 in run

Thread 0x00003158 [WiFiWorker] (most recent call first):
  File "D:\a\yasb\yasb\src\core\widgets\services\wifi\wifi_managers.py", line 150 in run

Thread 0x00003af8 [MemoryWorker] (most recent call first):
  File "D:\a\yasb\yasb\src\core\widgets\services\memory\memory_api.py", line 244 in run

Thread 0x00002030 [CpuWorker] (most recent call first):
  File "D:\a\yasb\yasb\src\core\widgets\services\cpu\cpu_api.py", line 318 in run

Thread 0x00000a38 [_EventWorker] (most recent call first):
  File "D:\a\yasb\yasb\venv\Lib\site-packages\qasync\_windows.py", line 147 in _poll
  File "D:\a\yasb\yasb\venv\Lib\site-packages\qasync\_windows.py", line 72 in select
  File "D:\a\yasb\yasb\venv\Lib\site-packages\qasync\_windows.py", line 199 in run

Thread 0x000028a0 [LogPipeServer] (most recent call first):
  File "D:\a\yasb\yasb\src\core\utils\win32\bindings\kernel32.py", line 288 in ConnectNamedPipe
  File "D:\a\yasb\yasb\src\core\utils\cli_server.py", line 138 in _run_server
  File "C:\hostedtoolcache\windows\Python\3.14.4\x64\Lib\threading.py", line 1024 in run
  File "C:\hostedtoolcache\windows\Python\3.14.4\x64\Lib\threading.py", line 1082 in _bootstrap_inner
  File "C:\hostedtoolcache\windows\Python\3.14.4\x64\Lib\threading.py", line 1044 in _bootstrap

Thread 0x00001f74 [CLIPipeServer] (most recent call first):
  File "D:\a\yasb\yasb\src\core\utils\win32\bindings\kernel32.py", line 288 in ConnectNamedPipe
  File "D:\a\yasb\yasb\src\core\utils\cli_server.py", line 235 in _run_server
  File "C:\hostedtoolcache\windows\Python\3.14.4\x64\Lib\threading.py", line 1024 in run
  File "C:\hostedtoolcache\windows\Python\3.14.4\x64\Lib\threading.py", line 1082 in _bootstrap_inner
  File "C:\hostedtoolcache\windows\Python\3.14.4\x64\Lib\threading.py", line 1044 in _bootstrap

Thread 0x00003624 (most recent call first):
  File "D:\a\yasb\yasb\venv\Lib\site-packages\qasync\__init__.py", line 404 in run_forever
  File "D:\a\yasb\yasb\venv\Lib\site-packages\qasync\__init__.py", line 428 in run_until_complete
  File "main.py", line 98 in main
  File "main.py", line 188 in <module>
  File "D:\a\yasb\yasb\venv\Lib\site-packages\freeze_core\initscripts\console.py", line 27 in run
  File "D:\a\yasb\yasb\venv\Lib\site-packages\freeze_core\initscripts\__startup__.py", line 137 in run

Current thread's C stack trace (most recent call first):
  <cannot get C stack on this system>
Windows fatal exception: code 0x80010108

Thread 0x0000410c [Thread-14716 (_readerthread)] (most recent call first):
  File "C:\hostedtoolcache\windows\Python\3.14.4\x64\Lib\subprocess.py", line 1614 in _readerthread
  File "C:\hostedtoolcache\windows\Python\3.14.4\x64\Lib\threading.py", line 1024 in run
  File "C:\hostedtoolcache\windows\Python\3.14.4\x64\Lib\threading.py", line 1082 in _bootstrap_inner
  File "C:\hostedtoolcache\windows\Python\3.14.4\x64\Lib\threading.py", line 1044 in _bootstrap

Thread 0x00003658 [Thread-14715 (_readerthread)] (most recent call first):
  File "C:\hostedtoolcache\windows\Python\3.14.4\x64\Lib\subprocess.py", line 1614 in _readerthread
  File "C:\hostedtoolcache\windows\Python\3.14.4\x64\Lib\threading.py", line 1024 in run
  File "C:\hostedtoolcache\windows\Python\3.14.4\x64\Lib\threading.py", line 1082 in _bootstrap_inner
  File "C:\hostedtoolcache\windows\Python\3.14.4\x64\Lib\threading.py", line 1044 in _bootstrap

Thread 0x00004448 [Thread-5] (most recent call first):
  File "C:\hostedtoolcache\windows\Python\3.14.4\x64\Lib\threading.py", line 369 in wait
  File "C:\hostedtoolcache\windows\Python\3.14.4\x64\Lib\queue.py", line 199 in get
  File "D:\a\yasb\yasb\venv\Lib\site-packages\watchdog\observers\api.py", line 379 in dispatch_events
  File "D:\a\yasb\yasb\venv\Lib\site-packages\watchdog\observers\api.py", line 213 in run
  File "C:\hostedtoolcache\windows\Python\3.14.4\x64\Lib\threading.py", line 1082 in _bootstrap_inner
  File "C:\hostedtoolcache\windows\Python\3.14.4\x64\Lib\threading.py", line 1044 in _bootstrap

Thread 0x00001a14 [Thread-6] (most recent call first):
  File "D:\a\yasb\yasb\venv\Lib\site-packages\watchdog\observers\winapi.py", line 326 in read_directory_changes
  File "D:\a\yasb\yasb\venv\Lib\site-packages\watchdog\observers\winapi.py", line 380 in read_events
  File "D:\a\yasb\yasb\venv\Lib\site-packages\watchdog\observers\read_directory_changes.py", line 67 in _read_events
  File "D:\a\yasb\yasb\venv\Lib\site-packages\watchdog\observers\read_directory_changes.py", line 70 in queue_events
  File "D:\a\yasb\yasb\venv\Lib\site-packages\watchdog\observers\api.py", line 158 in run
  File "C:\hostedtoolcache\windows\Python\3.14.4\x64\Lib\threading.py", line 1082 in _bootstrap_inner
  File "C:\hostedtoolcache\windows\Python\3.14.4\x64\Lib\threading.py", line 1044 in _bootstrap

Thread 0x00005254 [SystemEventListener] (most recent call first):
  File "D:\a\yasb\yasb\src\core\utils\win32\event_listener.py", line 69 in run

Thread 0x00004bbc [KomorebiEventListener] (most recent call first):
  File "C:\hostedtoolcache\windows\Python\3.14.4\x64\Lib\threading.py", line 1133 in join
  File "C:\hostedtoolcache\windows\Python\3.14.4\x64\Lib\subprocess.py", line 1662 in _communicate
  File "C:\hostedtoolcache\windows\Python\3.14.4\x64\Lib\subprocess.py", line 1221 in communicate
  File "D:\a\yasb\yasb\src\core\widgets\services\komorebi\client.py", line 200 in wait_until_subscribed_to_pipe
  File "D:\a\yasb\yasb\src\core\widgets\services\komorebi\event_listener.py", line 141 in _wait_until_komorebi_online
  File "D:\a\yasb\yasb\src\core\widgets\services\komorebi\event_listener.py", line 69 in run

Thread 0x00003158 [WiFiWorker] (most recent call first):
  File "D:\a\yasb\yasb\src\core\widgets\services\wifi\wifi_managers.py", line 150 in run

Thread 0x00003af8 [MemoryWorker] (most recent call first):
  File "D:\a\yasb\yasb\src\core\widgets\services\memory\memory_api.py", line 244 in run

Thread 0x00002030 [CpuWorker] (most recent call first):
  File "D:\a\yasb\yasb\src\core\widgets\services\cpu\cpu_api.py", line 318 in run

Thread 0x00000a38 [_EventWorker] (most recent call first):
  File "D:\a\yasb\yasb\venv\Lib\site-packages\qasync\_windows.py", line 147 in _poll
  File "D:\a\yasb\yasb\venv\Lib\site-packages\qasync\_windows.py", line 72 in select
  File "D:\a\yasb\yasb\venv\Lib\site-packages\qasync\_windows.py", line 199 in run

Thread 0x000028a0 [LogPipeServer] (most recent call first):
  File "D:\a\yasb\yasb\src\core\utils\win32\bindings\kernel32.py", line 288 in ConnectNamedPipe
  File "D:\a\yasb\yasb\src\core\utils\cli_server.py", line 138 in _run_server
  File "C:\hostedtoolcache\windows\Python\3.14.4\x64\Lib\threading.py", line 1024 in run
  File "C:\hostedtoolcache\windows\Python\3.14.4\x64\Lib\threading.py", line 1082 in _bootstrap_inner
  File "C:\hostedtoolcache\windows\Python\3.14.4\x64\Lib\threading.py", line 1044 in _bootstrap

Thread 0x00001f74 [CLIPipeServer] (most recent call first):
  File "D:\a\yasb\yasb\src\core\utils\win32\bindings\kernel32.py", line 288 in ConnectNamedPipe
  File "D:\a\yasb\yasb\src\core\utils\cli_server.py", line 235 in _run_server
  File "C:\hostedtoolcache\windows\Python\3.14.4\x64\Lib\threading.py", line 1024 in run
  File "C:\hostedtoolcache\windows\Python\3.14.4\x64\Lib\threading.py", line 1082 in _bootstrap_inner
  File "C:\hostedtoolcache\windows\Python\3.14.4\x64\Lib\threading.py", line 1044 in _bootstrap

Thread 0x00003624 (most recent call first):
  File "D:\a\yasb\yasb\venv\Lib\site-packages\qasync\__init__.py", line 404 in run_forever
  File "D:\a\yasb\yasb\venv\Lib\site-packages\qasync\__init__.py", line 428 in run_until_complete
  File "main.py", line 98 in main
  File "main.py", line 188 in <module>
  File "D:\a\yasb\yasb\venv\Lib\site-packages\freeze_core\initscripts\console.py", line 27 in run
  File "D:\a\yasb\yasb\venv\Lib\site-packages\freeze_core\initscripts\__startup__.py", line 137 in run

Current thread's C stack trace (most recent call first):
  <cannot get C stack on this system>
2026-05-09 18:48:20,987 [INFO] [MainThread] [root/api.py:69]: Fetching new weather data at 2026-05-09 18:48:20.987297
2026-05-09 18:58:17,719 [INFO] [MainThread] [root/api.py:69]: Fetching new weather data at 2026-05-09 18:58:17.719506
2026-05-09 19:05:39,182 [WARNING] [MainThread] [deprecation/deprecation.py:133]: [DEPRECATED] BarAlignment: 'center' - Use 'align' instead.
2026-05-09 19:05:39,183 [WARNING] [MainThread] [deprecation/deprecation.py:133]: [DEPRECATED] BarBlurEffect: 'acrylic' - No longer supported and can be removed from the config.
2026-05-09 19:05:39,190 [INFO] [MainThread] [root/controller.py:21]: Reloading Application because of config change.
2026-05-09 19:05:39,291 [INFO] [MainThread] [cli_server/cli_server.py:114]: Log pipe server stopped
2026-05-09 19:05:39,808 [INFO] [MainThread] [root/bar_manager.py:92]: Successfully loaded updated config and re-initialised all bars.
2026-05-09 19:05:40,210 [INFO] [MainThread] [root/bar_manager.py:118]: Stopping KomorebiEventListener...
2026-05-09 19:05:40,214 [INFO] [MainThread] [root/bar_manager.py:118]: Stopping SystemEventListener...
2026-05-09 19:05:40,222 [INFO] [MainThread] [taskbar_window_manager/window_manager.py:223]: TaskbarWindowManager stopped
2026-05-09 19:05:41,343 [INFO] [MainThread] [root/log.py:104]: YASB v2.0.0
2026-05-09 19:05:41,343 [INFO] [CLIPipeServer] [cli_server/cli_server.py:216]: CLI server started v1.1.7
2026-05-09 19:05:41,344 [INFO] [MainThread] [cli_server/cli_server.py:106]: Log pipe server started
2026-05-09 19:05:41,482 [WARNING] [MainThread] [deprecation/deprecation.py:133]: [DEPRECATED] BarAlignment: 'center' - Use 'align' instead.
2026-05-09 19:05:41,482 [WARNING] [MainThread] [deprecation/deprecation.py:133]: [DEPRECATED] BarBlurEffect: 'acrylic' - No longer supported and can be removed from the config.
2026-05-09 19:05:41,552 [WARNING] [MainThread] [deprecation/deprecation.py:133]: [DEPRECATED] KomorebiControlWidgetConfig: 'label_shadow' - Use CSS text-shadow instead.
2026-05-09 19:05:41,596 [WARNING] [MainThread] [deprecation/deprecation.py:133]: [DEPRECATED] UpdateCheckWidgetConfig: 'label_shadow' - Use CSS text-shadow instead.
2026-05-09 19:05:41,610 [INFO] [MainThread] [root/service.py:103]: UpdateCheckService initialized...
2026-05-09 19:05:41,674 [WARNING] [MainThread] [deprecation/deprecation.py:133]: [DEPRECATED] KomorebiWorkspacesConfig: 'animation' - Use CSS animations instead.
2026-05-09 19:05:41,674 [WARNING] [MainThread] [deprecation/deprecation.py:133]: [DEPRECATED] KomorebiWorkspacesConfig: 'btn_shadow' - Use CSS box-shadow instead.
2026-05-09 19:05:41,679 [WARNING] [MainThread] [deprecation/deprecation.py:133]: [DEPRECATED] LanguageConfig: 'label_shadow' - Use CSS text-shadow instead.
2026-05-09 19:05:41,747 [WARNING] [MainThread] [deprecation/deprecation.py:133]: [DEPRECATED] MediaWidgetConfig: 'label_shadow' - Use CSS text-shadow instead.
2026-05-09 19:05:41,794 [WARNING] [MainThread] [deprecation/deprecation.py:133]: [DEPRECATED] ClockConfig: 'label_shadow' - Use CSS text-shadow instead.
2026-05-09 19:05:42,114 [WARNING] [MainThread] [deprecation/deprecation.py:133]: [DEPRECATED] GrouperWidgetConfig: 'container_padding' - Use CSS padding instead.
2026-05-09 19:05:42,147 [WARNING] [MainThread] [deprecation/deprecation.py:133]: [DEPRECATED] MemoryConfig: 'label_shadow' - Use CSS text-shadow instead.
2026-05-09 19:05:42,157 [WARNING] [MainThread] [deprecation/deprecation.py:133]: [DEPRECATED] TrafficWidgetConfig: 'label_shadow' - Use CSS text-shadow instead.
2026-05-09 19:05:42,168 [WARNING] [MainThread] [deprecation/deprecation.py:133]: [DEPRECATED] GroupLabelConfig: 'distance' - Use 'offset_top' instead.
2026-05-09 19:05:42,179 [WARNING] [MainThread] [deprecation/deprecation.py:133]: [DEPRECATED] VolumeConfig: 'label_shadow' - Use CSS text-shadow instead.
2026-05-09 19:05:42,193 [INFO] [MainThread] [root/service.py:52]: AudioOutputService starting...
2026-05-09 19:05:42,233 [WARNING] [MainThread] [deprecation/deprecation.py:133]: [DEPRECATED] GithubConfig: 'label_shadow' - Use CSS text-shadow instead.
2026-05-09 19:05:42,238 [INFO] [MainThread] [root/api.py:62]: GitHubDataManager started...
2026-05-09 19:05:42,245 [WARNING] [MainThread] [deprecation/deprecation.py:133]: [DEPRECATED] NotesConfig: 'label_shadow' - Use CSS text-shadow instead.
2026-05-09 19:05:42,291 [WARNING] [MainThread] [deprecation/deprecation.py:133]: [DEPRECATED] LaunchpadConfig: 'app_title_shadow' - Use CSS text-shadow instead.
2026-05-09 19:05:42,291 [WARNING] [MainThread] [deprecation/deprecation.py:133]: [DEPRECATED] LaunchpadConfig: 'app_icon_shadow' - Use CSS box-shadow instead.
2026-05-09 19:05:42,589 [INFO] [MainThread] [root/bar_manager.py:102]: Starting KomorebiEventListener...
2026-05-09 19:05:42,590 [INFO] [MainThread] [root/watcher.py:65]: Watching directory: c:\users\adama\.config\yasb
2026-05-09 19:05:42,590 [INFO] [MainThread] [root/watcher.py:104]: Created file watcher
2026-05-09 19:05:42,902 [INFO] [Dummy-6] [root/event_listener.py:54]: Created named pipe yasb-4fe1b076-4bc9-11f1-8c31-244bfee15e36
2026-05-09 19:05:42,904 [INFO] [MainThread] [root/update_service.py:434]: Background update checker started
2026-05-09 19:05:42,953 [WARNING] [Dummy-6] [root/event_listener.py:136]: Komorebi failed to subscribe named pipe. 'komorebic.exe' is not recognized as an internal or external command, operable program or batch file.
2026-05-09 19:28:42,938 [INFO] [MainThread] [root/log.py:104]: YASB v2.0.0
2026-05-09 19:28:42,938 [INFO] [CLIPipeServer] [cli_server/cli_server.py:216]: CLI server started v1.1.7
2026-05-09 19:28:42,939 [INFO] [MainThread] [cli_server/cli_server.py:106]: Log pipe server started
2026-05-09 19:28:42,996 [WARNING] [MainThread] [deprecation/deprecation.py:133]: [DEPRECATED] BarAlignment: 'center' - Use 'align' instead.
2026-05-09 19:28:42,996 [WARNING] [MainThread] [deprecation/deprecation.py:133]: [DEPRECATED] BarBlurEffect: 'acrylic' - No longer supported and can be removed from the config.
2026-05-09 19:28:43,052 [WARNING] [MainThread] [deprecation/deprecation.py:133]: [DEPRECATED] KomorebiControlWidgetConfig: 'label_shadow' - Use CSS text-shadow instead.
2026-05-09 19:28:43,088 [WARNING] [MainThread] [deprecation/deprecation.py:133]: [DEPRECATED] UpdateCheckWidgetConfig: 'label_shadow' - Use CSS text-shadow instead.
2026-05-09 19:28:43,099 [INFO] [MainThread] [root/service.py:103]: UpdateCheckService initialized...
2026-05-09 19:28:43,123 [WARNING] [MainThread] [deprecation/deprecation.py:133]: [DEPRECATED] KomorebiWorkspacesConfig: 'animation' - Use CSS animations instead.
2026-05-09 19:28:43,123 [WARNING] [MainThread] [deprecation/deprecation.py:133]: [DEPRECATED] KomorebiWorkspacesConfig: 'btn_shadow' - Use CSS box-shadow instead.
2026-05-09 19:28:43,128 [WARNING] [MainThread] [deprecation/deprecation.py:133]: [DEPRECATED] LanguageConfig: 'label_shadow' - Use CSS text-shadow instead.
2026-05-09 19:28:43,178 [WARNING] [MainThread] [deprecation/deprecation.py:133]: [DEPRECATED] MediaWidgetConfig: 'label_shadow' - Use CSS text-shadow instead.
2026-05-09 19:28:43,200 [WARNING] [MainThread] [deprecation/deprecation.py:133]: [DEPRECATED] ClockConfig: 'label_shadow' - Use CSS text-shadow instead.
2026-05-09 19:28:43,527 [WARNING] [MainThread] [deprecation/deprecation.py:133]: [DEPRECATED] GrouperWidgetConfig: 'container_padding' - Use CSS padding instead.
2026-05-09 19:28:43,560 [WARNING] [MainThread] [deprecation/deprecation.py:133]: [DEPRECATED] MemoryConfig: 'label_shadow' - Use CSS text-shadow instead.
2026-05-09 19:28:43,569 [WARNING] [MainThread] [deprecation/deprecation.py:133]: [DEPRECATED] TrafficWidgetConfig: 'label_shadow' - Use CSS text-shadow instead.
2026-05-09 19:28:43,580 [WARNING] [MainThread] [deprecation/deprecation.py:133]: [DEPRECATED] GroupLabelConfig: 'distance' - Use 'offset_top' instead.
2026-05-09 19:28:43,593 [WARNING] [MainThread] [deprecation/deprecation.py:133]: [DEPRECATED] VolumeConfig: 'label_shadow' - Use CSS text-shadow instead.
2026-05-09 19:28:43,617 [INFO] [MainThread] [root/service.py:52]: AudioOutputService starting...
2026-05-09 19:28:43,655 [WARNING] [MainThread] [deprecation/deprecation.py:133]: [DEPRECATED] GithubConfig: 'label_shadow' - Use CSS text-shadow instead.
2026-05-09 19:28:43,660 [INFO] [MainThread] [root/api.py:62]: GitHubDataManager started...
2026-05-09 19:28:43,669 [WARNING] [MainThread] [deprecation/deprecation.py:133]: [DEPRECATED] NotesConfig: 'label_shadow' - Use CSS text-shadow instead.
2026-05-09 19:28:43,687 [WARNING] [MainThread] [deprecation/deprecation.py:133]: [DEPRECATED] LaunchpadConfig: 'app_title_shadow' - Use CSS text-shadow instead.
2026-05-09 19:28:43,687 [WARNING] [MainThread] [deprecation/deprecation.py:133]: [DEPRECATED] LaunchpadConfig: 'app_icon_shadow' - Use CSS box-shadow instead.
2026-05-09 19:28:44,000 [INFO] [MainThread] [root/bar_manager.py:102]: Starting KomorebiEventListener...
2026-05-09 19:28:44,001 [INFO] [MainThread] [root/watcher.py:65]: Watching directory: c:\users\adama\.config\yasb
2026-05-09 19:28:44,001 [INFO] [MainThread] [root/watcher.py:104]: Created file watcher
2026-05-09 19:28:44,081 [INFO] [Dummy-8] [root/event_listener.py:54]: Created named pipe yasb-87443979-4bcc-11f1-ba05-244bfee15e36
2026-05-09 19:28:44,090 [INFO] [MainThread] [root/update_service.py:434]: Background update checker started
2026-05-09 19:28:44,151 [WARNING] [Dummy-8] [root/event_listener.py:136]: Komorebi failed to subscribe named pipe. 'komorebic.exe' is not recognized as an internal or external command, operable program or batch file.
2026-05-10 04:15:44,633 [INFO] [MainThread] [root/bar_manager.py:118]: Stopping KomorebiEventListener...
2026-05-10 16:10:15,833 [INFO] [MainThread] [root/log.py:104]: YASB v2.0.0
2026-05-10 16:10:15,834 [INFO] [CLIPipeServer] [cli_server/cli_server.py:216]: CLI server started v1.1.7
2026-05-10 16:10:15,835 [INFO] [MainThread] [cli_server/cli_server.py:106]: Log pipe server started
2026-05-10 16:10:15,995 [WARNING] [MainThread] [deprecation/deprecation.py:133]: [DEPRECATED] BarAlignment: 'center' - Use 'align' instead.
2026-05-10 16:10:15,995 [WARNING] [MainThread] [deprecation/deprecation.py:133]: [DEPRECATED] BarBlurEffect: 'acrylic' - No longer supported and can be removed from the config.
2026-05-10 16:10:16,057 [WARNING] [MainThread] [deprecation/deprecation.py:133]: [DEPRECATED] KomorebiControlWidgetConfig: 'label_shadow' - Use CSS text-shadow instead.
2026-05-10 16:10:16,113 [WARNING] [MainThread] [deprecation/deprecation.py:133]: [DEPRECATED] UpdateCheckWidgetConfig: 'label_shadow' - Use CSS text-shadow instead.
2026-05-10 16:10:16,125 [INFO] [MainThread] [root/service.py:103]: UpdateCheckService initialized...
2026-05-10 16:10:16,188 [WARNING] [MainThread] [deprecation/deprecation.py:133]: [DEPRECATED] KomorebiWorkspacesConfig: 'animation' - Use CSS animations instead.
2026-05-10 16:10:16,189 [WARNING] [MainThread] [deprecation/deprecation.py:133]: [DEPRECATED] KomorebiWorkspacesConfig: 'btn_shadow' - Use CSS box-shadow instead.
2026-05-10 16:10:16,194 [WARNING] [MainThread] [deprecation/deprecation.py:133]: [DEPRECATED] LanguageConfig: 'label_shadow' - Use CSS text-shadow instead.
2026-05-10 16:10:16,257 [WARNING] [MainThread] [deprecation/deprecation.py:133]: [DEPRECATED] MediaWidgetConfig: 'label_shadow' - Use CSS text-shadow instead.
2026-05-10 16:10:16,306 [WARNING] [MainThread] [deprecation/deprecation.py:133]: [DEPRECATED] ClockConfig: 'label_shadow' - Use CSS text-shadow instead.
2026-05-10 16:10:16,560 [WARNING] [MainThread] [deprecation/deprecation.py:133]: [DEPRECATED] GrouperWidgetConfig: 'container_padding' - Use CSS padding instead.
2026-05-10 16:10:16,590 [WARNING] [MainThread] [deprecation/deprecation.py:133]: [DEPRECATED] MemoryConfig: 'label_shadow' - Use CSS text-shadow instead.
2026-05-10 16:10:16,598 [WARNING] [MainThread] [deprecation/deprecation.py:133]: [DEPRECATED] TrafficWidgetConfig: 'label_shadow' - Use CSS text-shadow instead.
2026-05-10 16:10:16,614 [WARNING] [MainThread] [deprecation/deprecation.py:133]: [DEPRECATED] GroupLabelConfig: 'distance' - Use 'offset_top' instead.
2026-05-10 16:10:16,623 [WARNING] [MainThread] [deprecation/deprecation.py:133]: [DEPRECATED] VolumeConfig: 'label_shadow' - Use CSS text-shadow instead.
2026-05-10 16:10:16,636 [INFO] [MainThread] [root/service.py:52]: AudioOutputService starting...
2026-05-10 16:10:16,670 [WARNING] [MainThread] [deprecation/deprecation.py:133]: [DEPRECATED] GithubConfig: 'label_shadow' - Use CSS text-shadow instead.
2026-05-10 16:10:16,674 [INFO] [MainThread] [root/api.py:62]: GitHubDataManager started...
2026-05-10 16:10:16,681 [WARNING] [MainThread] [deprecation/deprecation.py:133]: [DEPRECATED] NotesConfig: 'label_shadow' - Use CSS text-shadow instead.
2026-05-10 16:10:16,721 [WARNING] [MainThread] [deprecation/deprecation.py:133]: [DEPRECATED] LaunchpadConfig: 'app_title_shadow' - Use CSS text-shadow instead.
2026-05-10 16:10:16,722 [WARNING] [MainThread] [deprecation/deprecation.py:133]: [DEPRECATED] LaunchpadConfig: 'app_icon_shadow' - Use CSS box-shadow instead.
2026-05-10 16:10:17,015 [INFO] [MainThread] [root/bar_manager.py:102]: Starting KomorebiEventListener...
2026-05-10 16:10:17,016 [INFO] [MainThread] [root/watcher.py:65]: Watching directory: c:\users\adama\.config\yasb
2026-05-10 16:10:17,017 [INFO] [MainThread] [root/watcher.py:104]: Created file watcher
2026-05-10 16:10:17,281 [INFO] [Dummy-8] [root/event_listener.py:54]: Created named pipe yasb-f89040e1-4c79-11f1-a46b-244bfee15e36
2026-05-10 16:10:17,283 [INFO] [MainThread] [root/update_service.py:434]: Background update checker started
2026-05-10 16:10:17,352 [WARNING] [Dummy-8] [root/event_listener.py:136]: Komorebi failed to subscribe named pipe. 'komorebic.exe' is not recognized as an internal or external command, operable program or batch file.
2026-05-10 16:41:32,430 [INFO] [MainThread] [root/log.py:104]: YASB v2.0.0
2026-05-10 16:41:32,430 [INFO] [CLIPipeServer] [cli_server/cli_server.py:216]: CLI server started v1.1.7
2026-05-10 16:41:32,430 [INFO] [MainThread] [cli_server/cli_server.py:106]: Log pipe server started
2026-05-10 16:41:32,475 [WARNING] [MainThread] [deprecation/deprecation.py:133]: [DEPRECATED] BarAlignment: 'center' - Use 'align' instead.
2026-05-10 16:41:32,475 [WARNING] [MainThread] [deprecation/deprecation.py:133]: [DEPRECATED] BarBlurEffect: 'acrylic' - No longer supported and can be removed from the config.
2026-05-10 16:41:32,529 [WARNING] [MainThread] [deprecation/deprecation.py:133]: [DEPRECATED] KomorebiWorkspacesConfig: 'animation' - Use CSS animations instead.
2026-05-10 16:41:32,530 [WARNING] [MainThread] [deprecation/deprecation.py:133]: [DEPRECATED] KomorebiWorkspacesConfig: 'btn_shadow' - Use CSS box-shadow instead.
2026-05-10 16:41:32,536 [WARNING] [MainThread] [deprecation/deprecation.py:133]: [DEPRECATED] ApplicationsWidgetConfig: 'container_padding' - Use CSS padding instead.
2026-05-10 16:41:32,927 [WARNING] [MainThread] [deprecation/deprecation.py:133]: [DEPRECATED] TaskbarConfig: 'container_padding' - Use CSS padding instead.
2026-05-10 16:41:32,930 [WARNING] [MainThread] [deprecation/deprecation.py:133]: [DEPRECATED] GrouperWidgetConfig: 'container_padding' - Use CSS padding instead.
2026-05-10 16:41:32,970 [WARNING] [MainThread] [deprecation/deprecation.py:133]: [DEPRECATED] GroupLabelConfig: 'distance' - Use 'offset_top' instead.
2026-05-10 16:41:32,993 [INFO] [MainThread] [root/service.py:52]: AudioOutputService starting...
2026-05-10 16:41:33,055 [WARNING] [MainThread] [deprecation/deprecation.py:133]: [DEPRECATED] WifiConfig: 'container_padding' - Use CSS padding instead.
2026-05-10 16:41:33,407 [INFO] [MainThread] [taskbar_window_manager/window_manager.py:196]: TaskbarWindowManager is starting...
2026-05-10 16:41:33,592 [INFO] [MainThread] [root/bar_manager.py:102]: Starting KomorebiEventListener...
2026-05-10 16:41:33,593 [INFO] [Dummy-5] [root/event_listener.py:54]: Created named pipe yasb-57173618-4c7e-11f1-b77f-244bfee15e36
2026-05-10 16:41:33,594 [INFO] [MainThread] [root/watcher.py:65]: Watching directory: c:\users\adama\.config\yasb
2026-05-10 16:41:33,594 [INFO] [MainThread] [root/watcher.py:104]: Created file watcher
2026-05-10 16:41:33,619 [INFO] [MainThread] [root/update_service.py:434]: Background update checker started
2026-05-10 16:41:33,654 [WARNING] [Dummy-5] [root/event_listener.py:136]: Komorebi failed to subscribe named pipe. 'komorebic.exe' is not recognized as an internal or external command, operable program or batch file.
2026-05-10 16:45:23,173 [INFO] [MainThread] [root/log.py:104]: YASB v2.0.0
2026-05-10 16:45:23,173 [INFO] [CLIPipeServer] [cli_server/cli_server.py:216]: CLI server started v1.1.7
2026-05-10 16:45:23,174 [INFO] [MainThread] [cli_server/cli_server.py:106]: Log pipe server started
2026-05-10 16:45:23,214 [WARNING] [MainThread] [deprecation/deprecation.py:133]: [DEPRECATED] BarAlignment: 'center' - Use 'align' instead.
2026-05-10 16:45:23,214 [WARNING] [MainThread] [deprecation/deprecation.py:133]: [DEPRECATED] BarBlurEffect: 'acrylic' - No longer supported and can be removed from the config.
2026-05-10 16:45:23,263 [WARNING] [MainThread] [deprecation/deprecation.py:133]: [DEPRECATED] KomorebiWorkspacesConfig: 'animation' - Use CSS animations instead.
2026-05-10 16:45:23,263 [WARNING] [MainThread] [deprecation/deprecation.py:133]: [DEPRECATED] KomorebiWorkspacesConfig: 'btn_shadow' - Use CSS box-shadow instead.
2026-05-10 16:45:23,268 [WARNING] [MainThread] [deprecation/deprecation.py:133]: [DEPRECATED] ApplicationsWidgetConfig: 'container_padding' - Use CSS padding instead.
2026-05-10 16:45:23,400 [WARNING] [MainThread] [deprecation/deprecation.py:133]: [DEPRECATED] TaskbarConfig: 'container_padding' - Use CSS padding instead.
2026-05-10 16:45:23,402 [WARNING] [MainThread] [deprecation/deprecation.py:133]: [DEPRECATED] GrouperWidgetConfig: 'container_padding' - Use CSS padding instead.
2026-05-10 16:45:23,438 [WARNING] [MainThread] [deprecation/deprecation.py:133]: [DEPRECATED] GroupLabelConfig: 'distance' - Use 'offset_top' instead.
2026-05-10 16:45:23,460 [INFO] [MainThread] [root/service.py:52]: AudioOutputService starting...
2026-05-10 16:45:23,519 [WARNING] [MainThread] [deprecation/deprecation.py:133]: [DEPRECATED] WifiConfig: 'container_padding' - Use CSS padding instead.
2026-05-10 16:45:23,992 [INFO] [MainThread] [taskbar_window_manager/window_manager.py:196]: TaskbarWindowManager is starting...
2026-05-10 16:45:24,295 [INFO] [MainThread] [root/bar_manager.py:102]: Starting KomorebiEventListener...
2026-05-10 16:45:24,297 [INFO] [MainThread] [root/watcher.py:65]: Watching directory: c:\users\adama\.config\yasb
2026-05-10 16:45:24,297 [INFO] [MainThread] [root/watcher.py:104]: Created file watcher
2026-05-10 16:45:24,297 [INFO] [Dummy-7] [root/event_listener.py:54]: Created named pipe yasb-e099c39f-4c7e-11f1-8300-244bfee15e36
2026-05-10 16:45:24,316 [INFO] [MainThread] [root/update_service.py:434]: Background update checker started
2026-05-10 16:45:24,372 [WARNING] [Dummy-7] [root/event_listener.py:136]: Komorebi failed to subscribe named pipe. 'komorebic.exe' is not recognized as an internal or external command, operable program or batch file.
2026-05-10 16:58:43,505 [INFO] [MainThread] [root/log.py:104]: YASB v2.0.0
2026-05-10 16:58:43,505 [INFO] [CLIPipeServer] [cli_server/cli_server.py:216]: CLI server started v1.1.7
2026-05-10 16:58:43,506 [INFO] [MainThread] [cli_server/cli_server.py:106]: Log pipe server started
2026-05-10 16:58:43,544 [WARNING] [MainThread] [deprecation/deprecation.py:133]: [DEPRECATED] BarAlignment: 'center' - Use 'align' instead.
2026-05-10 16:58:43,544 [WARNING] [MainThread] [deprecation/deprecation.py:133]: [DEPRECATED] BarBlurEffect: 'acrylic' - No longer supported and can be removed from the config.
2026-05-10 16:58:43,596 [WARNING] [MainThread] [deprecation/deprecation.py:133]: [DEPRECATED] KomorebiWorkspacesConfig: 'animation' - Use CSS animations instead.
2026-05-10 16:58:43,596 [WARNING] [MainThread] [deprecation/deprecation.py:133]: [DEPRECATED] KomorebiWorkspacesConfig: 'btn_shadow' - Use CSS box-shadow instead.
2026-05-10 16:58:43,637 [WARNING] [MainThread] [deprecation/deprecation.py:133]: [DEPRECATED] LaunchpadConfig: 'app_title_shadow' - Use CSS text-shadow instead.
2026-05-10 16:58:43,637 [WARNING] [MainThread] [deprecation/deprecation.py:133]: [DEPRECATED] LaunchpadConfig: 'app_icon_shadow' - Use CSS box-shadow instead.
2026-05-10 16:58:43,951 [INFO] [MainThread] [root/service.py:52]: AudioOutputService starting...
2026-05-10 16:58:44,210 [INFO] [MainThread] [taskbar_window_manager/window_manager.py:196]: TaskbarWindowManager is starting...
2026-05-10 16:58:44,405 [INFO] [MainThread] [root/bar_manager.py:102]: Starting KomorebiEventListener...
2026-05-10 16:58:44,407 [INFO] [Dummy-5] [root/event_listener.py:54]: Created named pipe yasb-bd80d654-4c80-11f1-835b-244bfee15e36
2026-05-10 16:58:44,407 [INFO] [MainThread] [root/watcher.py:65]: Watching directory: c:\users\adama\.config\yasb
2026-05-10 16:58:44,407 [INFO] [MainThread] [root/watcher.py:104]: Created file watcher
2026-05-10 16:58:44,450 [INFO] [MainThread] [root/update_service.py:434]: Background update checker started
2026-05-10 16:58:44,470 [WARNING] [Dummy-5] [root/event_listener.py:136]: Komorebi failed to subscribe named pipe. 'komorebic.exe' is not recognized as an internal or external command, operable program or batch file.
2026-05-11 21:15:37,452 [INFO] [MainThread] [root/log.py:104]: YASB v2.0.0
2026-05-11 21:15:37,453 [INFO] [CLIPipeServer] [cli_server/cli_server.py:216]: CLI server started v1.1.7
2026-05-11 21:15:37,453 [INFO] [MainThread] [cli_server/cli_server.py:106]: Log pipe server started
2026-05-11 21:15:37,615 [WARNING] [MainThread] [deprecation/deprecation.py:133]: [DEPRECATED] BarAlignment: 'center' - Use 'align' instead.
2026-05-11 21:15:37,616 [WARNING] [MainThread] [deprecation/deprecation.py:133]: [DEPRECATED] BarBlurEffect: 'acrylic' - No longer supported and can be removed from the config.
2026-05-11 21:15:37,742 [WARNING] [MainThread] [deprecation/deprecation.py:133]: [DEPRECATED] KomorebiWorkspacesConfig: 'animation' - Use CSS animations instead.
2026-05-11 21:15:37,742 [WARNING] [MainThread] [deprecation/deprecation.py:133]: [DEPRECATED] KomorebiWorkspacesConfig: 'btn_shadow' - Use CSS box-shadow instead.
2026-05-11 21:15:37,846 [WARNING] [MainThread] [deprecation/deprecation.py:133]: [DEPRECATED] LaunchpadConfig: 'app_title_shadow' - Use CSS text-shadow instead.
2026-05-11 21:15:37,846 [WARNING] [MainThread] [deprecation/deprecation.py:133]: [DEPRECATED] LaunchpadConfig: 'app_icon_shadow' - Use CSS box-shadow instead.
2026-05-11 21:15:38,316 [INFO] [MainThread] [root/service.py:52]: AudioOutputService starting...
2026-05-11 21:15:38,558 [INFO] [MainThread] [taskbar_window_manager/window_manager.py:196]: TaskbarWindowManager is starting...
2026-05-11 21:15:38,707 [INFO] [MainThread] [root/bar_manager.py:102]: Starting KomorebiEventListener...
2026-05-11 21:15:38,709 [INFO] [Dummy-5] [root/event_listener.py:54]: Created named pipe yasb-cb8e7b39-4d6d-11f1-94e4-244bfee15e36
2026-05-11 21:15:38,710 [INFO] [MainThread] [root/watcher.py:65]: Watching directory: c:\users\adama\.config\yasb
2026-05-11 21:15:38,710 [INFO] [MainThread] [root/watcher.py:104]: Created file watcher
2026-05-11 21:15:39,036 [INFO] [MainThread] [root/update_service.py:434]: Background update checker started
2026-05-11 21:15:39,036 [WARNING] [Dummy-5] [root/event_listener.py:136]: Komorebi failed to subscribe named pipe. 'komorebic.exe' is not recognized as an internal or external command, operable program or batch file.
2026-05-13 01:27:37,586 [INFO] [MainThread] [root/controller.py:43]: Exiting Application...
2026-05-13 01:27:37,689 [INFO] [MainThread] [cli_server/cli_server.py:114]: Log pipe server stopped
2026-05-13 01:27:37,934 [INFO] [MainThread] [root/bar_manager.py:118]: Stopping KomorebiEventListener...
2026-05-13 01:27:37,937 [INFO] [MainThread] [taskbar_window_manager/window_manager.py:223]: TaskbarWindowManager stopped
2026-05-13 17:03:40,138 [INFO] [MainThread] [root/log.py:104]: YASB v2.0.0
2026-05-13 17:03:40,139 [INFO] [CLIPipeServer] [cli_server/cli_server.py:216]: CLI server started v1.1.7
2026-05-13 17:03:40,140 [INFO] [MainThread] [cli_server/cli_server.py:106]: Log pipe server started
2026-05-13 17:03:40,308 [WARNING] [MainThread] [deprecation/deprecation.py:133]: [DEPRECATED] BarAlignment: 'center' - Use 'align' instead.
2026-05-13 17:03:40,308 [WARNING] [MainThread] [deprecation/deprecation.py:133]: [DEPRECATED] BarBlurEffect: 'acrylic' - No longer supported and can be removed from the config.
2026-05-13 17:03:40,431 [WARNING] [MainThread] [deprecation/deprecation.py:133]: [DEPRECATED] KomorebiWorkspacesConfig: 'animation' - Use CSS animations instead.
2026-05-13 17:03:40,431 [WARNING] [MainThread] [deprecation/deprecation.py:133]: [DEPRECATED] KomorebiWorkspacesConfig: 'btn_shadow' - Use CSS box-shadow instead.
2026-05-13 17:03:40,527 [WARNING] [MainThread] [deprecation/deprecation.py:133]: [DEPRECATED] LaunchpadConfig: 'app_title_shadow' - Use CSS text-shadow instead.
2026-05-13 17:03:40,527 [WARNING] [MainThread] [deprecation/deprecation.py:133]: [DEPRECATED] LaunchpadConfig: 'app_icon_shadow' - Use CSS box-shadow instead.
2026-05-13 17:03:41,052 [INFO] [MainThread] [root/service.py:52]: AudioOutputService starting...
2026-05-13 17:03:41,355 [INFO] [MainThread] [taskbar_window_manager/window_manager.py:196]: TaskbarWindowManager is starting...
2026-05-13 17:03:41,517 [INFO] [MainThread] [root/bar_manager.py:102]: Starting KomorebiEventListener...
2026-05-13 17:03:41,518 [INFO] [Dummy-4] [root/event_listener.py:54]: Created named pipe yasb-edd5d1cc-4edc-11f1-986c-244bfee15e36
2026-05-13 17:03:41,520 [INFO] [MainThread] [root/watcher.py:65]: Watching directory: c:\users\adama\.config\yasb
2026-05-13 17:03:41,520 [INFO] [MainThread] [root/watcher.py:104]: Created file watcher
2026-05-13 17:03:41,824 [WARNING] [Dummy-4] [root/event_listener.py:136]: Komorebi failed to subscribe named pipe. 'komorebic.exe' is not recognized as an internal or external command, operable program or batch file.
2026-05-13 17:03:41,824 [INFO] [MainThread] [root/update_service.py:434]: Background update checker started
2026-05-14 06:45:59,054 [INFO] [MainThread] [root/bar_manager.py:118]: Stopping KomorebiEventListener...
2026-05-14 06:45:59,064 [INFO] [MainThread] [taskbar_window_manager/window_manager.py:223]: TaskbarWindowManager stopped
2026-05-19 13:53:28,899 [INFO] [MainThread] [root/log.py:104]: YASB v2.0.0
2026-05-19 13:53:28,900 [INFO] [CLIPipeServer] [cli_server/cli_server.py:216]: CLI server started v1.1.7
2026-05-19 13:53:28,900 [INFO] [MainThread] [cli_server/cli_server.py:106]: Log pipe server started
2026-05-19 13:53:29,054 [WARNING] [MainThread] [deprecation/deprecation.py:133]: [DEPRECATED] BarAlignment: 'center' - Use 'align' instead.
2026-05-19 13:53:29,054 [WARNING] [MainThread] [deprecation/deprecation.py:133]: [DEPRECATED] BarBlurEffect: 'acrylic' - No longer supported and can be removed from the config.
2026-05-19 13:53:29,170 [WARNING] [MainThread] [deprecation/deprecation.py:133]: [DEPRECATED] KomorebiWorkspacesConfig: 'animation' - Use CSS animations instead.
2026-05-19 13:53:29,171 [WARNING] [MainThread] [deprecation/deprecation.py:133]: [DEPRECATED] KomorebiWorkspacesConfig: 'btn_shadow' - Use CSS box-shadow instead.
2026-05-19 13:53:29,263 [WARNING] [MainThread] [deprecation/deprecation.py:133]: [DEPRECATED] LaunchpadConfig: 'app_title_shadow' - Use CSS text-shadow instead.
2026-05-19 13:53:29,263 [WARNING] [MainThread] [deprecation/deprecation.py:133]: [DEPRECATED] LaunchpadConfig: 'app_icon_shadow' - Use CSS box-shadow instead.
2026-05-19 13:53:29,706 [INFO] [MainThread] [root/service.py:52]: AudioOutputService starting...
2026-05-19 13:53:29,954 [INFO] [MainThread] [taskbar_window_manager/window_manager.py:196]: TaskbarWindowManager is starting...
2026-05-19 13:53:30,163 [INFO] [MainThread] [root/bar_manager.py:102]: Starting KomorebiEventListener...
2026-05-19 13:53:30,166 [INFO] [MainThread] [root/watcher.py:65]: Watching directory: c:\users\adama\.config\yasb
2026-05-19 13:53:30,166 [INFO] [MainThread] [root/watcher.py:104]: Created file watcher
2026-05-19 13:53:30,166 [INFO] [Dummy-6] [root/event_listener.py:54]: Created named pipe yasb-5a9dd712-5379-11f1-9d5e-244bfee15e36
2026-05-19 13:53:30,467 [INFO] [MainThread] [root/update_service.py:434]: Background update checker started
2026-05-19 13:53:30,467 [WARNING] [Dummy-6] [root/event_listener.py:136]: Komorebi failed to subscribe named pipe. 'komorebic.exe' is not recognized as an internal or external command, operable program or batch file.
2026-05-20 12:53:56,912 [INFO] [MainThread] [root/log.py:104]: YASB v2.0.0
2026-05-20 12:53:56,913 [INFO] [CLIPipeServer] [cli_server/cli_server.py:216]: CLI server started v1.1.7
2026-05-20 12:53:56,913 [INFO] [MainThread] [cli_server/cli_server.py:106]: Log pipe server started
2026-05-20 12:53:57,041 [WARNING] [MainThread] [deprecation/deprecation.py:133]: [DEPRECATED] BarAlignment: 'center' - Use 'align' instead.
2026-05-20 12:53:57,041 [WARNING] [MainThread] [deprecation/deprecation.py:133]: [DEPRECATED] BarBlurEffect: 'acrylic' - No longer supported and can be removed from the config.
2026-05-20 12:53:57,141 [WARNING] [MainThread] [deprecation/deprecation.py:133]: [DEPRECATED] KomorebiWorkspacesConfig: 'animation' - Use CSS animations instead.
2026-05-20 12:53:57,141 [WARNING] [MainThread] [deprecation/deprecation.py:133]: [DEPRECATED] KomorebiWorkspacesConfig: 'btn_shadow' - Use CSS box-shadow instead.
2026-05-20 12:53:57,847 [WARNING] [MainThread] [deprecation/deprecation.py:133]: [DEPRECATED] OpenMeteoWidgetConfig: 'animation' - Use CSS animations instead.
2026-05-20 12:53:57,885 [WARNING] [MainThread] [deprecation/deprecation.py:133]: [DEPRECATED] WifiConfig: 'animation' - Use CSS animations instead.
2026-05-20 12:53:57,908 [WARNING] [MainThread] [deprecation/deprecation.py:133]: [DEPRECATED] VolumeConfig: 'animation' - Use CSS animations instead.
2026-05-20 12:53:57,921 [INFO] [MainThread] [root/service.py:52]: AudioOutputService starting...
2026-05-20 12:53:58,413 [INFO] [MainThread] [taskbar_window_manager/window_manager.py:196]: TaskbarWindowManager is starting...
2026-05-20 12:53:58,420 [WARNING] [MainThread] [root/widget_builder.py:36]: Ignoring construction of invalid widget 'cava'
2026-05-20 12:53:58,653 [INFO] [MainThread] [root/bar_manager.py:102]: Starting KomorebiEventListener...
2026-05-20 12:53:58,653 [ERROR] [MainThread] [root/widget_builder.py:114]: Failed to validate widget(s) due to invalid options  - cava
      bars:
      - Extra inputs are not permitted
      bar_gap:
      - Extra inputs are not permitted
      bar_color:
      - Extra inputs are not permitted
      
2026-05-20 12:53:58,654 [INFO] [Dummy-5] [root/event_listener.py:54]: Created named pipe yasb-343e59ff-543a-11f1-9140-244bfee15e36
2026-05-20 12:53:58,902 [WARNING] [Dummy-5] [root/event_listener.py:136]: Komorebi failed to subscribe named pipe. 'komorebic.exe' is not recognized as an internal or external command, operable program or batch file.
2026-05-20 12:53:58,919 [INFO] [MainThread] [root/watcher.py:65]: Watching directory: c:\users\adama\.config\yasb
2026-05-20 12:53:58,919 [INFO] [MainThread] [root/watcher.py:104]: Created file watcher
2026-05-20 12:53:58,929 [INFO] [MainThread] [root/update_service.py:434]: Background update checker started
2026-05-20 12:53:59,157 [INFO] [MainThread] [root/open_meteo.py:128]: No saved location for open_meteo. Awaiting user setup.
2026-05-20 12:53:59,204 [INFO] [MainThread] [root/open_meteo.py:128]: No saved location for open_meteo. Awaiting user setup.
2026-05-20 12:53:59,374 [ERROR] [MainThread] [root/app_icons.py:282]: GetIconInfo failed: 133800
2026-05-20 12:58:31,697 [INFO] [MainThread] [root/log.py:104]: YASB v2.0.0
2026-05-20 12:58:31,697 [INFO] [CLIPipeServer] [cli_server/cli_server.py:216]: CLI server started v1.1.7
2026-05-20 12:58:31,698 [INFO] [MainThread] [cli_server/cli_server.py:106]: Log pipe server started
2026-05-20 12:58:31,736 [WARNING] [MainThread] [deprecation/deprecation.py:133]: [DEPRECATED] BarAlignment: 'center' - Use 'align' instead.
2026-05-20 12:58:31,736 [WARNING] [MainThread] [deprecation/deprecation.py:133]: [DEPRECATED] BarBlurEffect: 'acrylic' - No longer supported and can be removed from the config.
2026-05-20 12:58:31,782 [WARNING] [MainThread] [deprecation/deprecation.py:133]: [DEPRECATED] KomorebiWorkspacesConfig: 'animation' - Use CSS animations instead.
2026-05-20 12:58:31,782 [WARNING] [MainThread] [deprecation/deprecation.py:133]: [DEPRECATED] KomorebiWorkspacesConfig: 'btn_shadow' - Use CSS box-shadow instead.
2026-05-20 12:58:32,091 [WARNING] [MainThread] [deprecation/deprecation.py:133]: [DEPRECATED] OpenMeteoWidgetConfig: 'animation' - Use CSS animations instead.
2026-05-20 12:58:32,117 [WARNING] [MainThread] [deprecation/deprecation.py:133]: [DEPRECATED] WifiConfig: 'animation' - Use CSS animations instead.
2026-05-20 12:58:32,137 [WARNING] [MainThread] [deprecation/deprecation.py:133]: [DEPRECATED] VolumeConfig: 'animation' - Use CSS animations instead.
2026-05-20 12:58:32,150 [INFO] [MainThread] [root/service.py:52]: AudioOutputService starting...
2026-05-20 12:58:32,510 [INFO] [MainThread] [taskbar_window_manager/window_manager.py:196]: TaskbarWindowManager is starting...
2026-05-20 12:58:32,515 [WARNING] [MainThread] [root/widget_builder.py:36]: Ignoring construction of invalid widget 'cava'
2026-05-20 12:58:32,545 [WARNING] [MainThread] [root/widget_builder.py:36]: Ignoring construction of invalid widget 'open_meteo'
2026-05-20 12:58:32,769 [INFO] [MainThread] [root/bar_manager.py:102]: Starting KomorebiEventListener...
2026-05-20 12:58:32,769 [ERROR] [MainThread] [root/widget_builder.py:114]: Failed to validate widget(s) due to invalid options  - cava
      bars:
      - Extra inputs are not permitted
      bar_gap:
      - Extra inputs are not permitted
      bar_color:
      - Extra inputs are not permitted
      
 - open_meteo
      latitude:
      - Extra inputs are not permitted
      longitude:
      - Extra inputs are not permitted
      
2026-05-20 12:58:32,771 [INFO] [Dummy-5] [root/event_listener.py:54]: Created named pipe yasb-d7a1273f-543a-11f1-8d34-244bfee15e36
2026-05-20 12:58:32,805 [INFO] [MainThread] [root/watcher.py:65]: Watching directory: c:\users\adama\.config\yasb
2026-05-20 12:58:32,805 [INFO] [MainThread] [root/watcher.py:104]: Created file watcher
2026-05-20 12:58:32,814 [INFO] [MainThread] [root/update_service.py:434]: Background update checker started
2026-05-20 12:58:32,836 [WARNING] [Dummy-5] [root/event_listener.py:136]: Komorebi failed to subscribe named pipe. 'komorebic.exe' is not recognized as an internal or external command, operable program or batch file.
2026-05-20 12:58:33,144 [ERROR] [MainThread] [root/app_icons.py:282]: GetIconInfo failed: 135137291
2026-05-20 12:59:33,062 [WARNING] [MainThread] [deprecation/deprecation.py:133]: [DEPRECATED] BarAlignment: 'center' - Use 'align' instead.
2026-05-20 12:59:33,062 [WARNING] [MainThread] [deprecation/deprecation.py:133]: [DEPRECATED] BarBlurEffect: 'acrylic' - No longer supported and can be removed from the config.
2026-05-20 12:59:33,064 [INFO] [MainThread] [root/controller.py:21]: Reloading Application because of config change.
2026-05-20 12:59:33,165 [INFO] [MainThread] [cli_server/cli_server.py:114]: Log pipe server stopped
2026-05-20 12:59:33,170 [INFO] [MainThread] [root/bar_manager.py:92]: Successfully loaded updated config and re-initialised all bars.
2026-05-20 12:59:33,592 [INFO] [MainThread] [root/bar_manager.py:118]: Stopping KomorebiEventListener...
2026-05-20 12:59:33,594 [INFO] [MainThread] [taskbar_window_manager/window_manager.py:223]: TaskbarWindowManager stopped
2026-05-20 12:59:33,683 [INFO] [MainThread] [root/log.py:104]: YASB v2.0.0
2026-05-20 12:59:33,684 [INFO] [CLIPipeServer] [cli_server/cli_server.py:216]: CLI server started v1.1.7
2026-05-20 12:59:33,684 [INFO] [MainThread] [cli_server/cli_server.py:106]: Log pipe server started
2026-05-20 12:59:33,685 [INFO] [MainThread] [root/main.py:46]: Waiting for previous YASB instance to exit...
2026-05-20 12:59:33,935 [INFO] [MainThread] [root/main.py:72]: Previous instance exited, continuing startup.
2026-05-20 12:59:33,981 [WARNING] [MainThread] [deprecation/deprecation.py:133]: [DEPRECATED] BarAlignment: 'center' - Use 'align' instead.
2026-05-20 12:59:33,981 [WARNING] [MainThread] [deprecation/deprecation.py:133]: [DEPRECATED] BarBlurEffect: 'acrylic' - No longer supported and can be removed from the config.
2026-05-20 12:59:34,141 [WARNING] [MainThread] [deprecation/deprecation.py:133]: [DEPRECATED] WindowsDesktopsConfig: 'btn_shadow' - Use CSS box-shadow instead.
2026-05-20 12:59:34,173 [INFO] [MainThread] [windows_desktop_service/service.py:108]: Registered COM virtual desktop event successfully
2026-05-20 12:59:34,273 [WARNING] [MainThread] [deprecation/deprecation.py:133]: [DEPRECATED] MediaWidgetConfig: 'label_shadow' - Use CSS text-shadow instead.
2026-05-20 12:59:34,488 [WARNING] [MainThread] [deprecation/deprecation.py:133]: [DEPRECATED] CpuConfig: 'container_padding' - Use CSS padding instead.
2026-05-20 12:59:34,488 [WARNING] [MainThread] [deprecation/deprecation.py:133]: [DEPRECATED] CpuConfig: 'label_shadow' - Use CSS text-shadow instead.
2026-05-20 12:59:34,506 [WARNING] [MainThread] [deprecation/deprecation.py:133]: [DEPRECATED] MemoryConfig: 'label_shadow' - Use CSS text-shadow instead.
2026-05-20 12:59:34,514 [WARNING] [MainThread] [deprecation/deprecation.py:133]: [DEPRECATED] TrafficWidgetConfig: 'label_shadow' - Use CSS text-shadow instead.
2026-05-20 12:59:34,543 [INFO] [MainThread] [root/service.py:52]: AudioOutputService starting...
2026-05-20 12:59:34,575 [WARNING] [MainThread] [deprecation/deprecation.py:133]: [DEPRECATED] MicrophoneConfig: 'label_shadow' - Use CSS text-shadow instead.
2026-05-20 12:59:34,598 [INFO] [MainThread] [root/service.py:41]: AudioInputService starting...
2026-05-20 12:59:34,639 [WARNING] [MainThread] [deprecation/deprecation.py:133]: [DEPRECATED] ApplicationsWidgetConfig: 'container_padding' - Use CSS padding instead.
2026-05-20 12:59:35,244 [INFO] [MainThread] [taskbar_window_manager/window_manager.py:196]: TaskbarWindowManager is starting...
2026-05-20 12:59:35,515 [INFO] [MainThread] [root/watcher.py:65]: Watching directory: c:\users\adama\.config\yasb
2026-05-20 12:59:35,516 [INFO] [MainThread] [root/watcher.py:104]: Created file watcher
2026-05-20 12:59:35,530 [INFO] [MainThread] [root/update_service.py:434]: Background update checker started
2026-05-20 20:43:35,224 [INFO] [MainThread] [root/log.py:104]: YASB v2.0.0
2026-05-20 20:43:35,225 [INFO] [CLIPipeServer] [cli_server/cli_server.py:216]: CLI server started v1.1.7
2026-05-20 20:43:35,225 [INFO] [MainThread] [cli_server/cli_server.py:106]: Log pipe server started
2026-05-20 20:43:35,293 [WARNING] [MainThread] [deprecation/deprecation.py:133]: [DEPRECATED] BarAlignment: 'center' - Use 'align' instead.
2026-05-20 20:43:35,293 [WARNING] [MainThread] [deprecation/deprecation.py:133]: [DEPRECATED] BarBlurEffect: 'acrylic' - No longer supported and can be removed from the config.
2026-05-20 20:43:35,397 [WARNING] [MainThread] [deprecation/deprecation.py:133]: [DEPRECATED] WindowsDesktopsConfig: 'btn_shadow' - Use CSS box-shadow instead.
2026-05-20 20:43:35,431 [INFO] [MainThread] [windows_desktop_service/service.py:108]: Registered COM virtual desktop event successfully
2026-05-20 20:43:35,587 [WARNING] [MainThread] [deprecation/deprecation.py:133]: [DEPRECATED] MediaWidgetConfig: 'label_shadow' - Use CSS text-shadow instead.
2026-05-20 20:43:35,863 [WARNING] [MainThread] [deprecation/deprecation.py:133]: [DEPRECATED] CpuConfig: 'container_padding' - Use CSS padding instead.
2026-05-20 20:43:35,863 [WARNING] [MainThread] [deprecation/deprecation.py:133]: [DEPRECATED] CpuConfig: 'label_shadow' - Use CSS text-shadow instead.
2026-05-20 20:43:35,866 [WARNING] [MainThread] [deprecation/deprecation.py:133]: [DEPRECATED] MemoryConfig: 'label_shadow' - Use CSS text-shadow instead.
2026-05-20 20:43:35,867 [WARNING] [MainThread] [deprecation/deprecation.py:133]: [DEPRECATED] TrafficWidgetConfig: 'label_shadow' - Use CSS text-shadow instead.
2026-05-20 20:43:35,904 [INFO] [MainThread] [root/service.py:52]: AudioOutputService starting...
2026-05-20 20:43:35,949 [WARNING] [MainThread] [deprecation/deprecation.py:133]: [DEPRECATED] MicrophoneConfig: 'label_shadow' - Use CSS text-shadow instead.
2026-05-20 20:43:35,963 [INFO] [MainThread] [root/service.py:41]: AudioInputService starting...
2026-05-20 20:43:36,008 [WARNING] [MainThread] [deprecation/deprecation.py:133]: [DEPRECATED] ApplicationsWidgetConfig: 'container_padding' - Use CSS padding instead.
2026-05-20 20:43:36,637 [INFO] [MainThread] [taskbar_window_manager/window_manager.py:196]: TaskbarWindowManager is starting...
2026-05-20 20:43:36,890 [INFO] [MainThread] [root/watcher.py:65]: Watching directory: c:\users\adama\.config\yasb
2026-05-20 20:43:36,890 [INFO] [MainThread] [root/watcher.py:104]: Created file watcher
2026-05-20 20:43:36,915 [INFO] [MainThread] [root/update_service.py:434]: Background update checker started
Windows fatal exception: code 0x8001010e

Thread 0x000023f8 [Thread-5] (most recent call first):
  File "C:\hostedtoolcache\windows\Python\3.14.4\x64\Lib\threading.py", line 369 in wait
  File "C:\hostedtoolcache\windows\Python\3.14.4\x64\Lib\queue.py", line 199 in get
  File "D:\a\yasb\yasb\venv\Lib\site-packages\watchdog\observers\api.py", line 379 in dispatch_events
  File "D:\a\yasb\yasb\venv\Lib\site-packages\watchdog\observers\api.py", line 213 in run
  File "C:\hostedtoolcache\windows\Python\3.14.4\x64\Lib\threading.py", line 1082 in _bootstrap_inner
  File "C:\hostedtoolcache\windows\Python\3.14.4\x64\Lib\threading.py", line 1044 in _bootstrap

Thread 0x00001994 [Thread-6] (most recent call first):
  File "D:\a\yasb\yasb\venv\Lib\site-packages\watchdog\observers\winapi.py", line 326 in read_directory_changes
  File "D:\a\yasb\yasb\venv\Lib\site-packages\watchdog\observers\winapi.py", line 380 in read_events
  File "D:\a\yasb\yasb\venv\Lib\site-packages\watchdog\observers\read_directory_changes.py", line 67 in _read_events
  File "D:\a\yasb\yasb\venv\Lib\site-packages\watchdog\observers\read_directory_changes.py", line 70 in queue_events
  File "D:\a\yasb\yasb\venv\Lib\site-packages\watchdog\observers\api.py", line 158 in run
  File "C:\hostedtoolcache\windows\Python\3.14.4\x64\Lib\threading.py", line 1082 in _bootstrap_inner
  File "C:\hostedtoolcache\windows\Python\3.14.4\x64\Lib\threading.py", line 1044 in _bootstrap

Thread 0x000047b8 [MemoryWorker] (most recent call first):
  File "D:\a\yasb\yasb\src\core\widgets\services\memory\memory_api.py", line 244 in run

Thread 0x00001b9c [GpuWorker] (most recent call first):
  File "D:\a\yasb\yasb\src\core\widgets\services\gpu\gpu_api.py", line 530 in run

Thread 0x00001694 [CpuWorker] (most recent call first):
  File "D:\a\yasb\yasb\src\core\widgets\services\cpu\cpu_api.py", line 318 in run

Thread 0x0000194c [_EventWorker] (most recent call first):
  File "D:\a\yasb\yasb\venv\Lib\site-packages\qasync\_windows.py", line 147 in _poll
  File "D:\a\yasb\yasb\venv\Lib\site-packages\qasync\_windows.py", line 72 in select
  File "D:\a\yasb\yasb\venv\Lib\site-packages\qasync\_windows.py", line 199 in run

Thread 0x00003c08 [LogPipeServer] (most recent call first):
  File "D:\a\yasb\yasb\src\core\utils\win32\bindings\kernel32.py", line 288 in ConnectNamedPipe
  File "D:\a\yasb\yasb\src\core\utils\cli_server.py", line 138 in _run_server
  File "C:\hostedtoolcache\windows\Python\3.14.4\x64\Lib\threading.py", line 1024 in run
  File "C:\hostedtoolcache\windows\Python\3.14.4\x64\Lib\threading.py", line 1082 in _bootstrap_inner
  File "C:\hostedtoolcache\windows\Python\3.14.4\x64\Lib\threading.py", line 1044 in _bootstrap

Thread 0x00002448 [CLIPipeServer] (most recent call first):
  File "D:\a\yasb\yasb\src\core\utils\win32\bindings\kernel32.py", line 288 in ConnectNamedPipe
  File "D:\a\yasb\yasb\src\core\utils\cli_server.py", line 235 in _run_server
  File "C:\hostedtoolcache\windows\Python\3.14.4\x64\Lib\threading.py", line 1024 in run
  File "C:\hostedtoolcache\windows\Python\3.14.4\x64\Lib\threading.py", line 1082 in _bootstrap_inner
  File "C:\hostedtoolcache\windows\Python\3.14.4\x64\Lib\threading.py", line 1044 in _bootstrap

Current thread 0x00003bc0 (most recent call first):
  File "C:\hostedtoolcache\windows\Python\3.14.4\x64\Lib\asyncio\events.py", line 94 in _run
  File "D:\a\yasb\yasb\venv\Lib\site-packages\qasync\__init__.py", line 307 in timerEvent
  File "D:\a\yasb\yasb\venv\Lib\site-packages\qasync\__init__.py", line 404 in run_forever
  File "D:\a\yasb\yasb\venv\Lib\site-packages\qasync\__init__.py", line 428 in run_until_complete
  File "main.py", line 98 in main
  File "main.py", line 188 in <module>
  File "D:\a\yasb\yasb\venv\Lib\site-packages\freeze_core\initscripts\console.py", line 27 in run
  File "D:\a\yasb\yasb\venv\Lib\site-packages\freeze_core\initscripts\__startup__.py", line 137 in run

Current thread's C stack trace (most recent call first):
  <cannot get C stack on this system>
2026-05-20 20:45:31,181 [INFO] [MainThread] [root/log.py:104]: YASB v2.0.0
2026-05-20 20:45:31,182 [INFO] [CLIPipeServer] [cli_server/cli_server.py:216]: CLI server started v1.1.7
2026-05-20 20:45:31,182 [INFO] [MainThread] [cli_server/cli_server.py:106]: Log pipe server started
2026-05-20 20:45:31,288 [WARNING] [MainThread] [deprecation/deprecation.py:133]: [DEPRECATED] BarAlignment: 'center' - Use 'align' instead.
2026-05-20 20:45:31,289 [WARNING] [MainThread] [deprecation/deprecation.py:133]: [DEPRECATED] BarBlurEffect: 'acrylic' - No longer supported and can be removed from the config.
2026-05-20 20:45:31,417 [WARNING] [MainThread] [deprecation/deprecation.py:133]: [DEPRECATED] WindowsDesktopsConfig: 'btn_shadow' - Use CSS box-shadow instead.
2026-05-20 20:45:31,448 [INFO] [MainThread] [windows_desktop_service/service.py:108]: Registered COM virtual desktop event successfully
2026-05-20 20:45:31,569 [WARNING] [MainThread] [deprecation/deprecation.py:133]: [DEPRECATED] MediaWidgetConfig: 'label_shadow' - Use CSS text-shadow instead.
2026-05-20 20:45:31,844 [WARNING] [MainThread] [deprecation/deprecation.py:133]: [DEPRECATED] CpuConfig: 'container_padding' - Use CSS padding instead.
2026-05-20 20:45:31,844 [WARNING] [MainThread] [deprecation/deprecation.py:133]: [DEPRECATED] CpuConfig: 'label_shadow' - Use CSS text-shadow instead.
2026-05-20 20:45:31,847 [WARNING] [MainThread] [deprecation/deprecation.py:133]: [DEPRECATED] MemoryConfig: 'label_shadow' - Use CSS text-shadow instead.
2026-05-20 20:45:31,848 [WARNING] [MainThread] [deprecation/deprecation.py:133]: [DEPRECATED] TrafficWidgetConfig: 'label_shadow' - Use CSS text-shadow instead.
2026-05-20 20:45:31,887 [INFO] [MainThread] [root/service.py:52]: AudioOutputService starting...
2026-05-20 20:45:31,918 [WARNING] [MainThread] [deprecation/deprecation.py:133]: [DEPRECATED] MicrophoneConfig: 'label_shadow' - Use CSS text-shadow instead.
2026-05-20 20:45:31,930 [INFO] [MainThread] [root/service.py:41]: AudioInputService starting...
2026-05-20 20:45:31,965 [WARNING] [MainThread] [deprecation/deprecation.py:133]: [DEPRECATED] ApplicationsWidgetConfig: 'container_padding' - Use CSS padding instead.
2026-05-20 20:45:32,685 [INFO] [MainThread] [taskbar_window_manager/window_manager.py:196]: TaskbarWindowManager is starting...
2026-05-20 20:45:32,944 [INFO] [MainThread] [root/watcher.py:65]: Watching directory: c:\users\adama\.config\yasb
2026-05-20 20:45:32,944 [INFO] [MainThread] [root/watcher.py:104]: Created file watcher
2026-05-20 20:45:33,193 [INFO] [MainThread] [root/update_service.py:434]: Background update checker started
2026-05-20 20:50:21,390 [WARNING] [MainThread] [deprecation/deprecation.py:133]: [DEPRECATED] BarAlignment: 'center' - Use 'align' instead.
2026-05-20 20:50:21,390 [WARNING] [MainThread] [deprecation/deprecation.py:133]: [DEPRECATED] BarBlurEffect: 'acrylic' - No longer supported and can be removed from the config.
2026-05-20 20:50:21,392 [INFO] [MainThread] [root/controller.py:21]: Reloading Application because of config change.
2026-05-20 20:50:21,492 [INFO] [MainThread] [cli_server/cli_server.py:114]: Log pipe server stopped
2026-05-20 20:50:21,497 [INFO] [MainThread] [root/bar_manager.py:92]: Successfully loaded updated config and re-initialised all bars.
2026-05-20 20:50:21,761 [INFO] [MainThread] [taskbar_window_manager/window_manager.py:223]: TaskbarWindowManager stopped
2026-05-20 20:50:22,091 [INFO] [MainThread] [root/log.py:104]: YASB v2.0.0
2026-05-20 20:50:22,091 [INFO] [CLIPipeServer] [cli_server/cli_server.py:216]: CLI server started v1.1.7
2026-05-20 20:50:22,091 [INFO] [MainThread] [cli_server/cli_server.py:106]: Log pipe server started
2026-05-20 20:50:22,141 [WARNING] [MainThread] [deprecation/deprecation.py:133]: [DEPRECATED] BarAlignment: 'center' - Use 'align' instead.
2026-05-20 20:50:22,141 [WARNING] [MainThread] [deprecation/deprecation.py:133]: [DEPRECATED] BarBlurEffect: 'acrylic' - No longer supported and can be removed from the config.
2026-05-20 20:50:22,243 [WARNING] [MainThread] [deprecation/deprecation.py:133]: [DEPRECATED] WindowsDesktopsConfig: 'btn_shadow' - Use CSS box-shadow instead.
2026-05-20 20:50:22,274 [INFO] [MainThread] [windows_desktop_service/service.py:108]: Registered COM virtual desktop event successfully
2026-05-20 20:50:22,373 [WARNING] [MainThread] [deprecation/deprecation.py:133]: [DEPRECATED] MediaWidgetConfig: 'label_shadow' - Use CSS text-shadow instead.
2026-05-20 20:50:22,621 [WARNING] [MainThread] [deprecation/deprecation.py:133]: [DEPRECATED] CpuConfig: 'container_padding' - Use CSS padding instead.
2026-05-20 20:50:22,621 [WARNING] [MainThread] [deprecation/deprecation.py:133]: [DEPRECATED] CpuConfig: 'label_shadow' - Use CSS text-shadow instead.
2026-05-20 20:50:22,624 [WARNING] [MainThread] [deprecation/deprecation.py:133]: [DEPRECATED] MemoryConfig: 'label_shadow' - Use CSS text-shadow instead.
2026-05-20 20:50:22,625 [WARNING] [MainThread] [deprecation/deprecation.py:133]: [DEPRECATED] TrafficWidgetConfig: 'label_shadow' - Use CSS text-shadow instead.
2026-05-20 20:50:22,665 [INFO] [MainThread] [root/service.py:52]: AudioOutputService starting...
2026-05-20 20:50:22,697 [WARNING] [MainThread] [deprecation/deprecation.py:133]: [DEPRECATED] MicrophoneConfig: 'label_shadow' - Use CSS text-shadow instead.
2026-05-20 20:50:22,710 [INFO] [MainThread] [root/service.py:41]: AudioInputService starting...
2026-05-20 20:50:22,745 [WARNING] [MainThread] [deprecation/deprecation.py:133]: [DEPRECATED] ApplicationsWidgetConfig: 'container_padding' - Use CSS padding instead.
2026-05-20 20:50:23,375 [INFO] [MainThread] [taskbar_window_manager/window_manager.py:196]: TaskbarWindowManager is starting...
2026-05-20 20:50:23,638 [INFO] [MainThread] [root/watcher.py:65]: Watching directory: c:\users\adama\.config\yasb
2026-05-20 20:50:23,638 [INFO] [MainThread] [root/watcher.py:104]: Created file watcher
2026-05-20 20:50:23,654 [INFO] [MainThread] [root/update_service.py:434]: Background update checker started
2026-05-20 20:51:06,778 [INFO] [MainThread] [root/controller.py:21]: Reloading Application from tray...
2026-05-20 20:51:06,878 [INFO] [MainThread] [cli_server/cli_server.py:114]: Log pipe server stopped
2026-05-20 20:51:07,167 [INFO] [MainThread] [taskbar_window_manager/window_manager.py:223]: TaskbarWindowManager stopped
2026-05-20 20:51:07,459 [INFO] [MainThread] [root/log.py:104]: YASB v2.0.0
2026-05-20 20:51:07,459 [INFO] [CLIPipeServer] [cli_server/cli_server.py:216]: CLI server started v1.1.7
2026-05-20 20:51:07,460 [INFO] [MainThread] [cli_server/cli_server.py:106]: Log pipe server started
2026-05-20 20:51:07,508 [WARNING] [MainThread] [deprecation/deprecation.py:133]: [DEPRECATED] BarAlignment: 'center' - Use 'align' instead.
2026-05-20 20:51:07,509 [WARNING] [MainThread] [deprecation/deprecation.py:133]: [DEPRECATED] BarBlurEffect: 'acrylic' - No longer supported and can be removed from the config.
2026-05-20 20:51:07,595 [WARNING] [MainThread] [deprecation/deprecation.py:133]: [DEPRECATED] WindowsDesktopsConfig: 'btn_shadow' - Use CSS box-shadow instead.
2026-05-20 20:51:07,629 [INFO] [MainThread] [windows_desktop_service/service.py:108]: Registered COM virtual desktop event successfully
2026-05-20 20:51:07,729 [WARNING] [MainThread] [deprecation/deprecation.py:133]: [DEPRECATED] MediaWidgetConfig: 'label_shadow' - Use CSS text-shadow instead.
2026-05-20 20:51:07,981 [WARNING] [MainThread] [deprecation/deprecation.py:133]: [DEPRECATED] CpuConfig: 'container_padding' - Use CSS padding instead.
2026-05-20 20:51:07,981 [WARNING] [MainThread] [deprecation/deprecation.py:133]: [DEPRECATED] CpuConfig: 'label_shadow' - Use CSS text-shadow instead.
2026-05-20 20:51:07,985 [WARNING] [MainThread] [deprecation/deprecation.py:133]: [DEPRECATED] MemoryConfig: 'label_shadow' - Use CSS text-shadow instead.
2026-05-20 20:51:07,986 [WARNING] [MainThread] [deprecation/deprecation.py:133]: [DEPRECATED] TrafficWidgetConfig: 'label_shadow' - Use CSS text-shadow instead.
2026-05-20 20:51:08,027 [INFO] [MainThread] [root/service.py:52]: AudioOutputService starting...
2026-05-20 20:51:08,068 [WARNING] [MainThread] [deprecation/deprecation.py:133]: [DEPRECATED] MicrophoneConfig: 'label_shadow' - Use CSS text-shadow instead.
2026-05-20 20:51:08,081 [INFO] [MainThread] [root/service.py:41]: AudioInputService starting...
2026-05-20 20:51:08,116 [WARNING] [MainThread] [deprecation/deprecation.py:133]: [DEPRECATED] ApplicationsWidgetConfig: 'container_padding' - Use CSS padding instead.
2026-05-20 20:51:08,741 [INFO] [MainThread] [taskbar_window_manager/window_manager.py:196]: TaskbarWindowManager is starting...
2026-05-20 20:51:09,005 [INFO] [MainThread] [root/watcher.py:65]: Watching directory: c:\users\adama\.config\yasb
2026-05-20 20:51:09,005 [INFO] [MainThread] [root/watcher.py:104]: Created file watcher
2026-05-20 20:51:09,021 [INFO] [MainThread] [root/update_service.py:434]: Background update checker started
2026-05-20 20:52:04,227 [WARNING] [MainThread] [deprecation/deprecation.py:133]: [DEPRECATED] BarAlignment: 'center' - Use 'align' instead.
2026-05-20 20:52:04,227 [WARNING] [MainThread] [deprecation/deprecation.py:133]: [DEPRECATED] BarBlurEffect: 'acrylic' - No longer supported and can be removed from the config.
2026-05-20 20:52:04,228 [INFO] [MainThread] [root/controller.py:21]: Reloading Application because of config change.
2026-05-20 20:52:04,328 [INFO] [MainThread] [cli_server/cli_server.py:114]: Log pipe server stopped
2026-05-20 20:52:04,332 [INFO] [MainThread] [root/bar_manager.py:92]: Successfully loaded updated config and re-initialised all bars.
2026-05-20 20:52:04,360 [WARNING] [MainThread] [deprecation/deprecation.py:133]: [DEPRECATED] BarAlignment: 'center' - Use 'align' instead.
2026-05-20 20:52:04,360 [WARNING] [MainThread] [deprecation/deprecation.py:133]: [DEPRECATED] BarBlurEffect: 'acrylic' - No longer supported and can be removed from the config.
2026-05-20 20:52:04,638 [INFO] [MainThread] [taskbar_window_manager/window_manager.py:223]: TaskbarWindowManager stopped
2026-05-20 20:52:04,884 [INFO] [MainThread] [root/log.py:104]: YASB v2.0.0
2026-05-20 20:52:04,885 [INFO] [CLIPipeServer] [cli_server/cli_server.py:216]: CLI server started v1.1.7
2026-05-20 20:52:04,885 [INFO] [MainThread] [cli_server/cli_server.py:106]: Log pipe server started
2026-05-20 20:52:04,938 [WARNING] [MainThread] [deprecation/deprecation.py:133]: [DEPRECATED] BarAlignment: 'center' - Use 'align' instead.
2026-05-20 20:52:04,938 [WARNING] [MainThread] [deprecation/deprecation.py:133]: [DEPRECATED] BarBlurEffect: 'acrylic' - No longer supported and can be removed from the config.
2026-05-20 20:52:05,039 [WARNING] [MainThread] [deprecation/deprecation.py:133]: [DEPRECATED] WindowsDesktopsConfig: 'btn_shadow' - Use CSS box-shadow instead.
2026-05-20 20:52:05,070 [INFO] [MainThread] [windows_desktop_service/service.py:108]: Registered COM virtual desktop event successfully
2026-05-20 20:52:05,171 [WARNING] [MainThread] [deprecation/deprecation.py:133]: [DEPRECATED] MediaWidgetConfig: 'label_shadow' - Use CSS text-shadow instead.
2026-05-20 20:52:05,379 [WARNING] [MainThread] [deprecation/deprecation.py:133]: [DEPRECATED] ApplicationsWidgetConfig: 'container_padding' - Use CSS padding instead.
2026-05-20 20:52:05,415 [WARNING] [MainThread] [deprecation/deprecation.py:133]: [DEPRECATED] CpuConfig: 'container_padding' - Use CSS padding instead.
2026-05-20 20:52:05,415 [WARNING] [MainThread] [deprecation/deprecation.py:133]: [DEPRECATED] CpuConfig: 'label_shadow' - Use CSS text-shadow instead.
2026-05-20 20:52:05,417 [WARNING] [MainThread] [deprecation/deprecation.py:133]: [DEPRECATED] MemoryConfig: 'label_shadow' - Use CSS text-shadow instead.
2026-05-20 20:52:05,429 [WARNING] [MainThread] [deprecation/deprecation.py:133]: [DEPRECATED] TrafficWidgetConfig: 'label_shadow' - Use CSS text-shadow instead.
2026-05-20 20:52:05,459 [INFO] [MainThread] [root/service.py:52]: AudioOutputService starting...
2026-05-20 20:52:05,491 [WARNING] [MainThread] [deprecation/deprecation.py:133]: [DEPRECATED] MicrophoneConfig: 'label_shadow' - Use CSS text-shadow instead.
2026-05-20 20:52:05,503 [INFO] [MainThread] [root/service.py:41]: AudioInputService starting...
2026-05-20 20:52:06,128 [INFO] [MainThread] [taskbar_window_manager/window_manager.py:196]: TaskbarWindowManager is starting...
2026-05-20 20:52:06,386 [INFO] [MainThread] [root/watcher.py:65]: Watching directory: c:\users\adama\.config\yasb
2026-05-20 20:52:06,387 [INFO] [MainThread] [root/watcher.py:104]: Created file watcher
2026-05-20 20:52:06,403 [INFO] [MainThread] [root/update_service.py:434]: Background update checker started
2026-05-20 20:53:14,643 [INFO] [MainThread] [root/controller.py:21]: Reloading Application from tray...
2026-05-20 20:53:14,744 [INFO] [MainThread] [cli_server/cli_server.py:114]: Log pipe server stopped
2026-05-20 20:53:15,028 [INFO] [MainThread] [taskbar_window_manager/window_manager.py:223]: TaskbarWindowManager stopped
2026-05-20 20:53:15,299 [INFO] [MainThread] [root/log.py:104]: YASB v2.0.0
2026-05-20 20:53:15,300 [INFO] [CLIPipeServer] [cli_server/cli_server.py:216]: CLI server started v1.1.7
2026-05-20 20:53:15,300 [INFO] [MainThread] [cli_server/cli_server.py:106]: Log pipe server started
2026-05-20 20:53:15,350 [WARNING] [MainThread] [deprecation/deprecation.py:133]: [DEPRECATED] BarAlignment: 'center' - Use 'align' instead.
2026-05-20 20:53:15,350 [WARNING] [MainThread] [deprecation/deprecation.py:133]: [DEPRECATED] BarBlurEffect: 'acrylic' - No longer supported and can be removed from the config.
2026-05-20 20:53:15,486 [WARNING] [MainThread] [deprecation/deprecation.py:133]: [DEPRECATED] MediaWidgetConfig: 'label_shadow' - Use CSS text-shadow instead.
2026-05-20 20:53:15,702 [WARNING] [MainThread] [deprecation/deprecation.py:133]: [DEPRECATED] ApplicationsWidgetConfig: 'container_padding' - Use CSS padding instead.
2026-05-20 20:53:15,746 [WARNING] [MainThread] [deprecation/deprecation.py:133]: [DEPRECATED] CpuConfig: 'container_padding' - Use CSS padding instead.
2026-05-20 20:53:15,746 [WARNING] [MainThread] [deprecation/deprecation.py:133]: [DEPRECATED] CpuConfig: 'label_shadow' - Use CSS text-shadow instead.
2026-05-20 20:53:15,749 [WARNING] [MainThread] [deprecation/deprecation.py:133]: [DEPRECATED] MemoryConfig: 'label_shadow' - Use CSS text-shadow instead.
2026-05-20 20:53:15,750 [WARNING] [MainThread] [deprecation/deprecation.py:133]: [DEPRECATED] TrafficWidgetConfig: 'label_shadow' - Use CSS text-shadow instead.
2026-05-20 20:53:15,780 [INFO] [MainThread] [root/service.py:52]: AudioOutputService starting...
2026-05-20 20:53:15,822 [WARNING] [MainThread] [deprecation/deprecation.py:133]: [DEPRECATED] MicrophoneConfig: 'label_shadow' - Use CSS text-shadow instead.
2026-05-20 20:53:15,835 [INFO] [MainThread] [root/service.py:41]: AudioInputService starting...
2026-05-20 20:53:16,417 [INFO] [MainThread] [taskbar_window_manager/window_manager.py:196]: TaskbarWindowManager is starting...
2026-05-20 20:53:16,659 [INFO] [MainThread] [root/bar_manager.py:102]: Starting KomorebiEventListener...
2026-05-20 20:53:16,661 [INFO] [MainThread] [root/watcher.py:65]: Watching directory: c:\users\adama\.config\yasb
2026-05-20 20:53:16,661 [INFO] [MainThread] [root/watcher.py:104]: Created file watcher
2026-05-20 20:53:16,661 [INFO] [Dummy-7] [root/event_listener.py:54]: Created named pipe yasb-2959ed5b-547d-11f1-a023-244bfee15e36
2026-05-20 20:53:16,679 [INFO] [MainThread] [root/update_service.py:434]: Background update checker started
2026-05-20 20:53:16,721 [WARNING] [Dummy-7] [root/event_listener.py:136]: Komorebi failed to subscribe named pipe. 'komorebic.exe' is not recognized as an internal or external command, operable program or batch file.
Windows fatal exception: code 0x8001010e

Thread 0x000038c4 [SystrayMonitor] (most recent call first):
  File "D:\a\yasb\yasb\src\core\widgets\services\systray\utils.py", line 147 in start_message_loop
  File "D:\a\yasb\yasb\src\core\widgets\services\systray\systray_monitor.py", line 99 in run
  File "D:\a\yasb\yasb\src\core\widgets\yasb\systray.py", line 65 in run

Thread 0x00004958 [Thread-5] (most recent call first):
  File "C:\hostedtoolcache\windows\Python\3.14.4\x64\Lib\threading.py", line 369 in wait
  File "C:\hostedtoolcache\windows\Python\3.14.4\x64\Lib\queue.py", line 199 in get
  File "D:\a\yasb\yasb\venv\Lib\site-packages\watchdog\observers\api.py", line 379 in dispatch_events
  File "D:\a\yasb\yasb\venv\Lib\site-packages\watchdog\observers\api.py", line 213 in run
  File "C:\hostedtoolcache\windows\Python\3.14.4\x64\Lib\threading.py", line 1082 in _bootstrap_inner
  File "C:\hostedtoolcache\windows\Python\3.14.4\x64\Lib\threading.py", line 1044 in _bootstrap

Thread 0x00000b6c [Thread-6] (most recent call first):
  File "D:\a\yasb\yasb\venv\Lib\site-packages\watchdog\observers\winapi.py", line 326 in read_directory_changes
  File "D:\a\yasb\yasb\venv\Lib\site-packages\watchdog\observers\winapi.py", line 380 in read_events
  File "D:\a\yasb\yasb\venv\Lib\site-packages\watchdog\observers\read_directory_changes.py", line 67 in _read_events
  File "D:\a\yasb\yasb\venv\Lib\site-packages\watchdog\observers\read_directory_changes.py", line 70 in queue_events
  File "D:\a\yasb\yasb\venv\Lib\site-packages\watchdog\observers\api.py", line 158 in run
  File "C:\hostedtoolcache\windows\Python\3.14.4\x64\Lib\threading.py", line 1082 in _bootstrap_inner
  File "C:\hostedtoolcache\windows\Python\3.14.4\x64\Lib\threading.py", line 1044 in _bootstrap

Thread 0x00002434 [KomorebiEventListener] (most recent call first):
  File "C:\hostedtoolcache\windows\Python\3.14.4\x64\Lib\threading.py", line 373 in wait
  File "C:\hostedtoolcache\windows\Python\3.14.4\x64\Lib\threading.py", line 670 in wait
  File "D:\a\yasb\yasb\src\core\widgets\services\komorebi\event_listener.py", line 139 in _wait_until_komorebi_online
  File "D:\a\yasb\yasb\src\core\widgets\services\komorebi\event_listener.py", line 69 in run

Thread 0x00004964 [MemoryWorker] (most recent call first):
  File "D:\a\yasb\yasb\src\core\widgets\services\memory\memory_api.py", line 244 in run

Thread 0x00003a00 [GpuWorker] (most recent call first):
  File "D:\a\yasb\yasb\src\core\widgets\services\gpu\gpu_api.py", line 530 in run

Thread 0x000023b0 [CpuWorker] (most recent call first):
  File "D:\a\yasb\yasb\src\core\widgets\services\cpu\cpu_api.py", line 318 in run

Thread 0x00003ee4 [_EventWorker] (most recent call first):
  File "D:\a\yasb\yasb\venv\Lib\site-packages\qasync\_windows.py", line 147 in _poll
  File "D:\a\yasb\yasb\venv\Lib\site-packages\qasync\_windows.py", line 72 in select
  File "D:\a\yasb\yasb\venv\Lib\site-packages\qasync\_windows.py", line 199 in run

Thread 0x00004510 [LogPipeServer] (most recent call first):
  File "D:\a\yasb\yasb\src\core\utils\win32\bindings\kernel32.py", line 288 in ConnectNamedPipe
  File "D:\a\yasb\yasb\src\core\utils\cli_server.py", line 138 in _run_server
  File "C:\hostedtoolcache\windows\Python\3.14.4\x64\Lib\threading.py", line 1024 in run
  File "C:\hostedtoolcache\windows\Python\3.14.4\x64\Lib\threading.py", line 1082 in _bootstrap_inner
  File "C:\hostedtoolcache\windows\Python\3.14.4\x64\Lib\threading.py", line 1044 in _bootstrap

Thread 0x00001880 [CLIPipeServer] (most recent call first):
  File "D:\a\yasb\yasb\src\core\utils\win32\bindings\kernel32.py", line 288 in ConnectNamedPipe
  File "D:\a\yasb\yasb\src\core\utils\cli_server.py", line 235 in _run_server
  File "C:\hostedtoolcache\windows\Python\3.14.4\x64\Lib\threading.py", line 1024 in run
  File "C:\hostedtoolcache\windows\Python\3.14.4\x64\Lib\threading.py", line 1082 in _bootstrap_inner
  File "C:\hostedtoolcache\windows\Python\3.14.4\x64\Lib\threading.py", line 1044 in _bootstrap

Current thread 0x00003ed4 (most recent call first):
  File "D:\a\yasb\yasb\src\core\widgets\services\media\media.py", line 172 in _on_current_session_changed
  File "C:\hostedtoolcache\windows\Python\3.14.4\x64\Lib\asyncio\events.py", line 94 in _run
  File "D:\a\yasb\yasb\venv\Lib\site-packages\qasync\__init__.py", line 307 in timerEvent
  File "D:\a\yasb\yasb\venv\Lib\site-packages\qasync\__init__.py", line 404 in run_forever
  File "D:\a\yasb\yasb\venv\Lib\site-packages\qasync\__init__.py", line 428 in run_until_complete
  File "main.py", line 98 in main
  File "main.py", line 188 in <module>
  File "D:\a\yasb\yasb\venv\Lib\site-packages\freeze_core\initscripts\console.py", line 27 in run
  File "D:\a\yasb\yasb\venv\Lib\site-packages\freeze_core\initscripts\__startup__.py", line 137 in run

Current thread's C stack trace (most recent call first):
  <cannot get C stack on this system>
2026-05-23 02:19:45,457 [INFO] [MainThread] [root/controller.py:43]: Exiting Application...
2026-05-23 02:19:45,560 [INFO] [MainThread] [cli_server/cli_server.py:114]: Log pipe server stopped
2026-05-23 02:19:45,859 [INFO] [MainThread] [root/bar_manager.py:118]: Stopping KomorebiEventListener...
2026-05-23 02:19:45,863 [INFO] [MainThread] [taskbar_window_manager/window_manager.py:223]: TaskbarWindowManager stopped
2026-05-23 21:34:25,152 [INFO] [MainThread] [root/log.py:104]: YASB v2.0.0
2026-05-23 21:34:25,153 [INFO] [CLIPipeServer] [cli_server/cli_server.py:216]: CLI server started v1.1.7
2026-05-23 21:34:25,153 [INFO] [MainThread] [cli_server/cli_server.py:106]: Log pipe server started
2026-05-23 21:34:25,316 [WARNING] [MainThread] [deprecation/deprecation.py:133]: [DEPRECATED] BarAlignment: 'center' - Use 'align' instead.
2026-05-23 21:34:25,316 [WARNING] [MainThread] [deprecation/deprecation.py:133]: [DEPRECATED] BarBlurEffect: 'acrylic' - No longer supported and can be removed from the config.
2026-05-23 21:34:25,551 [WARNING] [MainThread] [deprecation/deprecation.py:133]: [DEPRECATED] MediaWidgetConfig: 'label_shadow' - Use CSS text-shadow instead.
2026-05-23 21:34:25,850 [WARNING] [MainThread] [deprecation/deprecation.py:133]: [DEPRECATED] ApplicationsWidgetConfig: 'container_padding' - Use CSS padding instead.
2026-05-23 21:34:25,894 [WARNING] [MainThread] [deprecation/deprecation.py:133]: [DEPRECATED] CpuConfig: 'container_padding' - Use CSS padding instead.
2026-05-23 21:34:25,894 [WARNING] [MainThread] [deprecation/deprecation.py:133]: [DEPRECATED] CpuConfig: 'label_shadow' - Use CSS text-shadow instead.
2026-05-23 21:34:25,897 [WARNING] [MainThread] [deprecation/deprecation.py:133]: [DEPRECATED] MemoryConfig: 'label_shadow' - Use CSS text-shadow instead.
2026-05-23 21:34:25,898 [WARNING] [MainThread] [deprecation/deprecation.py:133]: [DEPRECATED] TrafficWidgetConfig: 'label_shadow' - Use CSS text-shadow instead.
2026-05-23 21:34:25,934 [INFO] [MainThread] [root/service.py:52]: AudioOutputService starting...
2026-05-23 21:34:25,966 [WARNING] [MainThread] [deprecation/deprecation.py:133]: [DEPRECATED] MicrophoneConfig: 'label_shadow' - Use CSS text-shadow instead.
2026-05-23 21:34:25,978 [INFO] [MainThread] [root/service.py:41]: AudioInputService starting...
2026-05-23 21:34:26,527 [INFO] [MainThread] [taskbar_window_manager/window_manager.py:196]: TaskbarWindowManager is starting...
2026-05-23 21:34:26,672 [INFO] [MainThread] [root/bar_manager.py:102]: Starting KomorebiEventListener...
2026-05-23 21:34:26,674 [INFO] [MainThread] [root/watcher.py:65]: Watching directory: c:\users\adama\.config\yasb
2026-05-23 21:34:26,674 [INFO] [MainThread] [root/watcher.py:104]: Created file watcher
2026-05-23 21:34:26,674 [INFO] [Dummy-7] [root/event_listener.py:54]: Created named pipe yasb-68d542b0-56de-11f1-9e33-244bfee15e36
2026-05-23 21:34:26,963 [INFO] [MainThread] [root/update_service.py:434]: Background update checker started
2026-05-23 21:34:26,963 [WARNING] [Dummy-7] [root/event_listener.py:136]: Komorebi failed to subscribe named pipe. 'komorebic.exe' is not recognized as an internal or external command, operable program or batch file.
2026-05-24 00:36:25,938 [INFO] [MainThread] [root/controller.py:43]: Exiting Application...
2026-05-24 00:36:26,039 [INFO] [MainThread] [cli_server/cli_server.py:114]: Log pipe server stopped
2026-05-24 00:36:26,310 [INFO] [MainThread] [root/bar_manager.py:118]: Stopping KomorebiEventListener...
2026-05-24 00:36:26,313 [INFO] [MainThread] [taskbar_window_manager/window_manager.py:223]: TaskbarWindowManager stopped
2026-05-25 23:28:06,361 [INFO] [MainThread] [root/log.py:104]: YASB v2.0.0
2026-05-25 23:28:06,362 [INFO] [CLIPipeServer] [cli_server/cli_server.py:216]: CLI server started v1.1.7
2026-05-25 23:28:06,363 [INFO] [MainThread] [cli_server/cli_server.py:106]: Log pipe server started
2026-05-25 23:28:06,551 [WARNING] [MainThread] [deprecation/deprecation.py:133]: [DEPRECATED] BarAlignment: 'center' - Use 'align' instead.
2026-05-25 23:28:06,551 [WARNING] [MainThread] [deprecation/deprecation.py:133]: [DEPRECATED] BarBlurEffect: 'acrylic' - No longer supported and can be removed from the config.
2026-05-25 23:28:06,864 [WARNING] [MainThread] [deprecation/deprecation.py:133]: [DEPRECATED] MediaWidgetConfig: 'label_shadow' - Use CSS text-shadow instead.
2026-05-25 23:28:07,474 [WARNING] [MainThread] [deprecation/deprecation.py:133]: [DEPRECATED] ApplicationsWidgetConfig: 'container_padding' - Use CSS padding instead.
2026-05-25 23:28:07,538 [WARNING] [MainThread] [deprecation/deprecation.py:133]: [DEPRECATED] CpuConfig: 'container_padding' - Use CSS padding instead.
2026-05-25 23:28:07,538 [WARNING] [MainThread] [deprecation/deprecation.py:133]: [DEPRECATED] CpuConfig: 'label_shadow' - Use CSS text-shadow instead.
2026-05-25 23:28:07,543 [WARNING] [MainThread] [deprecation/deprecation.py:133]: [DEPRECATED] MemoryConfig: 'label_shadow' - Use CSS text-shadow instead.
2026-05-25 23:28:07,544 [WARNING] [MainThread] [deprecation/deprecation.py:133]: [DEPRECATED] TrafficWidgetConfig: 'label_shadow' - Use CSS text-shadow instead.
2026-05-25 23:28:07,590 [INFO] [MainThread] [root/service.py:52]: AudioOutputService starting...
2026-05-25 23:28:07,626 [WARNING] [MainThread] [deprecation/deprecation.py:133]: [DEPRECATED] MicrophoneConfig: 'label_shadow' - Use CSS text-shadow instead.
2026-05-25 23:28:07,639 [INFO] [MainThread] [root/service.py:41]: AudioInputService starting...
2026-05-25 23:28:08,376 [INFO] [MainThread] [taskbar_window_manager/window_manager.py:196]: TaskbarWindowManager is starting...
2026-05-25 23:28:08,636 [INFO] [MainThread] [root/bar_manager.py:102]: Starting KomorebiEventListener...
2026-05-25 23:28:08,638 [INFO] [Dummy-5] [root/event_listener.py:54]: Created named pipe yasb-9fddd3f6-5880-11f1-acf5-244bfee15e36
2026-05-25 23:28:08,667 [INFO] [MainThread] [root/watcher.py:65]: Watching directory: c:\users\adama\.config\yasb
2026-05-25 23:28:08,668 [INFO] [MainThread] [root/watcher.py:104]: Created file watcher
2026-05-25 23:28:09,024 [WARNING] [Dummy-5] [root/event_listener.py:136]: Komorebi failed to subscribe named pipe. 'komorebic.exe' is not recognized as an internal or external command, operable program or batch file.
2026-05-25 23:28:09,026 [INFO] [MainThread] [root/update_service.py:434]: Background update checker started
2026-05-26 02:56:04,392 [INFO] [MainThread] [root/controller.py:43]: Exiting Application...
2026-05-26 02:56:04,493 [INFO] [MainThread] [cli_server/cli_server.py:114]: Log pipe server stopped
2026-05-26 02:56:04,783 [INFO] [MainThread] [root/bar_manager.py:118]: Stopping KomorebiEventListener...
2026-05-26 02:56:04,786 [INFO] [MainThread] [taskbar_window_manager/window_manager.py:223]: TaskbarWindowManager stopped
2026-05-26 18:50:21,896 [INFO] [MainThread] [root/log.py:104]: YASB v2.0.0
2026-05-26 18:50:21,897 [INFO] [CLIPipeServer] [cli_server/cli_server.py:216]: CLI server started v1.1.7
2026-05-26 18:50:21,897 [INFO] [MainThread] [cli_server/cli_server.py:106]: Log pipe server started
2026-05-26 18:50:22,069 [WARNING] [MainThread] [deprecation/deprecation.py:133]: [DEPRECATED] BarAlignment: 'center' - Use 'align' instead.
2026-05-26 18:50:22,069 [WARNING] [MainThread] [deprecation/deprecation.py:133]: [DEPRECATED] BarBlurEffect: 'acrylic' - No longer supported and can be removed from the config.
2026-05-26 18:50:22,318 [WARNING] [MainThread] [deprecation/deprecation.py:133]: [DEPRECATED] MediaWidgetConfig: 'label_shadow' - Use CSS text-shadow instead.
2026-05-26 18:50:22,621 [WARNING] [MainThread] [deprecation/deprecation.py:133]: [DEPRECATED] ApplicationsWidgetConfig: 'container_padding' - Use CSS padding instead.
2026-05-26 18:50:22,666 [WARNING] [MainThread] [deprecation/deprecation.py:133]: [DEPRECATED] CpuConfig: 'container_padding' - Use CSS padding instead.
2026-05-26 18:50:22,666 [WARNING] [MainThread] [deprecation/deprecation.py:133]: [DEPRECATED] CpuConfig: 'label_shadow' - Use CSS text-shadow instead.
2026-05-26 18:50:22,669 [WARNING] [MainThread] [deprecation/deprecation.py:133]: [DEPRECATED] MemoryConfig: 'label_shadow' - Use CSS text-shadow instead.
2026-05-26 18:50:22,671 [WARNING] [MainThread] [deprecation/deprecation.py:133]: [DEPRECATED] TrafficWidgetConfig: 'label_shadow' - Use CSS text-shadow instead.
2026-05-26 18:50:22,702 [INFO] [MainThread] [root/service.py:52]: AudioOutputService starting...
2026-05-26 18:50:22,736 [WARNING] [MainThread] [deprecation/deprecation.py:133]: [DEPRECATED] MicrophoneConfig: 'label_shadow' - Use CSS text-shadow instead.
2026-05-26 18:50:22,748 [INFO] [MainThread] [root/service.py:41]: AudioInputService starting...
2026-05-26 18:50:23,285 [INFO] [MainThread] [taskbar_window_manager/window_manager.py:196]: TaskbarWindowManager is starting...
2026-05-26 18:50:23,466 [INFO] [MainThread] [root/bar_manager.py:102]: Starting KomorebiEventListener...
2026-05-26 18:50:23,469 [INFO] [Dummy-6] [root/event_listener.py:54]: Created named pipe yasb-fd107255-5922-11f1-9832-244bfee15e36
2026-05-26 18:50:23,469 [INFO] [MainThread] [root/watcher.py:65]: Watching directory: c:\users\adama\.config\yasb
2026-05-26 18:50:23,469 [INFO] [MainThread] [root/watcher.py:104]: Created file watcher
2026-05-26 18:50:23,500 [INFO] [MainThread] [root/update_service.py:434]: Background update checker started
2026-05-26 18:50:23,544 [WARNING] [Dummy-6] [root/event_listener.py:136]: Komorebi failed to subscribe named pipe. 'komorebic.exe' is not recognized as an internal or external command, operable program or batch file.
2026-05-26 22:41:31,209 [INFO] [MainThread] [root/bar.py:153]: Screen geometry changed. Updating position for bar status-bar on screen Acer K272HL
2026-05-26 22:42:15,661 [INFO] [MainThread] [root/bar.py:153]: Screen geometry changed. Updating position for bar status-bar on screen Acer K272HL
2026-05-26 22:42:16,586 [INFO] [MainThread] [root/bar.py:153]: Screen geometry changed. Updating position for bar status-bar on screen Acer K272HL
2026-05-26 22:42:18,790 [INFO] [MainThread] [root/bar.py:153]: Screen geometry changed. Updating position for bar status-bar on screen Acer K272HL
2026-05-26 22:42:30,159 [INFO] [MainThread] [root/bar.py:153]: Screen geometry changed. Updating position for bar status-bar on screen Acer K272HL
2026-05-26 22:42:40,019 [INFO] [MainThread] [root/bar.py:153]: Screen geometry changed. Updating position for bar status-bar on screen Acer K272HL
2026-05-27 00:14:42,404 [INFO] [MainThread] [root/controller.py:43]: Exiting Application...
2026-05-27 00:14:42,506 [INFO] [MainThread] [cli_server/cli_server.py:114]: Log pipe server stopped
2026-05-27 00:14:42,790 [INFO] [MainThread] [root/bar_manager.py:118]: Stopping KomorebiEventListener...
2026-05-27 00:14:42,795 [INFO] [MainThread] [taskbar_window_manager/window_manager.py:223]: TaskbarWindowManager stopped
2026-05-27 14:45:24,175 [INFO] [MainThread] [root/log.py:104]: YASB v2.0.0
2026-05-27 14:45:24,176 [INFO] [CLIPipeServer] [cli_server/cli_server.py:216]: CLI server started v1.1.7
2026-05-27 14:45:24,177 [INFO] [MainThread] [cli_server/cli_server.py:106]: Log pipe server started
2026-05-27 14:45:24,398 [WARNING] [MainThread] [deprecation/deprecation.py:133]: [DEPRECATED] BarAlignment: 'center' - Use 'align' instead.
2026-05-27 14:45:24,398 [WARNING] [MainThread] [deprecation/deprecation.py:133]: [DEPRECATED] BarBlurEffect: 'acrylic' - No longer supported and can be removed from the config.
2026-05-27 14:45:24,714 [WARNING] [MainThread] [deprecation/deprecation.py:133]: [DEPRECATED] MediaWidgetConfig: 'label_shadow' - Use CSS text-shadow instead.
2026-05-27 14:45:25,217 [WARNING] [MainThread] [deprecation/deprecation.py:133]: [DEPRECATED] ApplicationsWidgetConfig: 'container_padding' - Use CSS padding instead.
2026-05-27 14:45:25,279 [WARNING] [MainThread] [deprecation/deprecation.py:133]: [DEPRECATED] CpuConfig: 'container_padding' - Use CSS padding instead.
2026-05-27 14:45:25,279 [WARNING] [MainThread] [deprecation/deprecation.py:133]: [DEPRECATED] CpuConfig: 'label_shadow' - Use CSS text-shadow instead.
2026-05-27 14:45:25,284 [WARNING] [MainThread] [deprecation/deprecation.py:133]: [DEPRECATED] MemoryConfig: 'label_shadow' - Use CSS text-shadow instead.
2026-05-27 14:45:25,286 [WARNING] [MainThread] [deprecation/deprecation.py:133]: [DEPRECATED] TrafficWidgetConfig: 'label_shadow' - Use CSS text-shadow instead.
2026-05-27 14:45:25,323 [INFO] [MainThread] [root/service.py:52]: AudioOutputService starting...
2026-05-27 14:45:25,360 [WARNING] [MainThread] [deprecation/deprecation.py:133]: [DEPRECATED] MicrophoneConfig: 'label_shadow' - Use CSS text-shadow instead.
2026-05-27 14:45:25,372 [INFO] [MainThread] [root/service.py:41]: AudioInputService starting...
2026-05-27 14:45:26,001 [INFO] [MainThread] [taskbar_window_manager/window_manager.py:196]: TaskbarWindowManager is starting...
2026-05-27 14:45:26,112 [INFO] [MainThread] [root/bar_manager.py:102]: Starting KomorebiEventListener...
2026-05-27 14:45:26,115 [INFO] [MainThread] [root/watcher.py:65]: Watching directory: c:\users\adama\.config\yasb
2026-05-27 14:45:26,115 [INFO] [MainThread] [root/watcher.py:104]: Created file watcher
2026-05-27 14:45:26,115 [INFO] [Dummy-7] [root/event_listener.py:54]: Created named pipe yasb-ef2bf6b6-59c9-11f1-8a5c-244bfee15e36
2026-05-27 14:45:26,431 [INFO] [MainThread] [root/update_service.py:434]: Background update checker started
2026-05-27 14:45:26,432 [WARNING] [Dummy-7] [root/event_listener.py:136]: Komorebi failed to subscribe named pipe. 'komorebic.exe' is not recognized as an internal or external command, operable program or batch file.
